-- phpMyAdmin SQL Dump
-- version 4.1.14
-- http://www.phpmyadmin.net
--
-- Client :  127.0.0.1
-- Généré le :  Lun 01 Juin 2015 à 21:24
-- Version du serveur :  5.6.17
-- Version de PHP :  5.5.12

SET SQL_MODE = "NO_AUTO_VALUE_ON_ZERO";
SET time_zone = "+00:00";


/*!40101 SET @OLD_CHARACTER_SET_CLIENT=@@CHARACTER_SET_CLIENT */;
/*!40101 SET @OLD_CHARACTER_SET_RESULTS=@@CHARACTER_SET_RESULTS */;
/*!40101 SET @OLD_COLLATION_CONNECTION=@@COLLATION_CONNECTION */;
/*!40101 SET NAMES utf8 */;

--
-- Base de données :  `projetweb`
--

-- --------------------------------------------------------

--
-- Structure de la table `antecedants`
--

CREATE TABLE IF NOT EXISTS `antecedants` (
  `ID_Antecedant` int(20) NOT NULL AUTO_INCREMENT,
  `ID_Patient` int(20) unsigned NOT NULL DEFAULT '0',
  `ID_Medecin` int(10) unsigned NOT NULL DEFAULT '0',
  `Type_Antecedant` varchar(25) DEFAULT NULL,
  `Remarque_Antecedant` varchar(1000) NOT NULL,
  `Secret_Antecedant` varchar(5) DEFAULT NULL,
  PRIMARY KEY (`ID_Antecedant`,`ID_Patient`,`ID_Medecin`) COMMENT 'Cle_Primaire_Antecedant',
  KEY `Cle_Etrangere_Antecedant_Patient` (`ID_Patient`),
  KEY `Cle_Etrangere_Antecedant_Medecin` (`ID_Medecin`)
) ENGINE=InnoDB  DEFAULT CHARSET=latin1 AUTO_INCREMENT=86 ;

--
-- Contenu de la table `antecedants`
--

INSERT INTO `antecedants` (`ID_Antecedant`, `ID_Patient`, `ID_Medecin`, `Type_Antecedant`, `Remarque_Antecedant`, `Secret_Antecedant`) VALUES
(1, 9887, 6, 'Maladie', 'Malade de Paludisme en 2010', 'False'),
(2, 198300, 6, 'Evasion du rectum', 'Ca doit faire mal !', 'True'),
(3, 9897080, 36, 'Hypercholestérolémie', 'risus dapibus augue vel accumsan tellus nisi eu orci mauris lacinia sapien quis libero nullam sit amet turpis elementum ligula vehicula', 'False'),
(4, 9611047, 16, 'Allérgie', 'phasellus sit amet erat nulla tempus vivamus in felis eu sapien cursus vestibulum proin eu', 'True'),
(5, 9601430, 69, 'Maladie', 'erat quisque erat eros viverra eget congue eget semper rutrum nulla nunc purus phasellus in felis donec semper sapien a', 'True'),
(7, 421092, 58, 'Appendicectomie', 'pretium iaculis justo in hac habitasse platea dictumst etiam faucibus cursus urna ut tellus nulla ut erat id mauris vulputate elementum nullam varius nulla facilisi cras non', 'True'),
(8, 2310078, 47, 'Maladie', 'eu mi nulla ac enim in tempor turpis nec euismod scelerisque quam turpis adipiscing lorem vitae mattis nibh ligula nec sem duis aliquam convallis nunc proin at turpis a pede posuere nonummy integer non velit donec diam neque', 'True'),
(9, 3134946, 20, 'Maladie', 'malesuada in imperdiet et commodo vulputate justo in blandit ultrices enim lorem ipsum dolor sit amet consectetuer adipiscing elit proin interdum', 'True'),
(10, 8420579, 49, 'Diabète de type 2', 'sapien a libero nam dui proin leo odio porttitor id consequat in consequat ut', 'False'),
(11, 2379449, 6, 'Hypertension artérielle', 'vestibulum vestibulum ante ipsum primis in faucibus orci luctus et ultrices posuere', 'True'),
(12, 9098231, 47, 'Maladie', 'tincidunt lacus at velit vivamus vel nulla eget eros elementum pellentesque quisque', 'False'),
(13, 5824193, 28, 'Allérgie', 'lacus curabitur at ipsum ac tellus semper interdum mauris ullamcorper purus sit amet nulla quisque arcu libero rutrum ac lobortis vel dapibus at diam nam tristique', 'False'),
(14, 1905309, 43, 'Cancer', 'et eros vestibulum ac est lacinia nisi venenatis tristique fusce congue diam id ornare imperdiet sapien urna pretium nisl ut volutpat sapien arcu sed augue aliquam erat volutpat in congue etiam justo etiam', 'True'),
(15, 9098231, 54, 'Hypertension artérielle', 'malesuada in imperdiet et commodo vulputate justo in blandit ultrices enim lorem ipsum dolor sit amet', 'True'),
(16, 5134230, 47, 'Hypertension artérielle', 'est lacinia nisi venenatis tristique fusce congue diam id ornare imperdiet sapien urna pretium nisl ut volutpat sapien arcu sed augue aliquam erat volutpat in congue etiam justo etiam pretium iaculis justo in hac habitasse platea dictumst etiam faucibus cursus urna', 'False'),
(17, 554447, 1, 'Diabète de type 2', 'diam id ornare imperdiet sapien urna pretium nisl ut volutpat sapien arcu sed augue aliquam erat volutpat in congue etiam justo etiam pretium iaculis justo in hac habitasse platea dictumst etiam faucibus', 'True'),
(18, 3287, 6, 'Hypertension artérielle', 'platea dictumst aliquam augue quam sollicitudin vitae consectetuer eget rutrum at lorem integer tincidunt ante vel ipsum praesent blandit lacinia erat vestibulum sed magna at nunc commodo placerat praesent blandit nam nulla integer pede justo lacinia eget tincidunt eget tempus', 'False'),
(19, 5912942, 36, 'Appendicectomie', 'massa id nisl venenatis lacinia aenean sit amet justo morbi ut odio cras mi pede malesuada in imperdiet et commodo vulputate justo in blandit ultrices enim lorem ipsum dolor sit amet consectetuer adipiscing elit proin interdum mauris non ligula pellentesque ultrices phasellus id', 'False'),
(20, 7154366, 37, 'Cancer', 'accumsan tortor quis turpis sed ante vivamus tortor duis mattis', 'True'),
(21, 5238080, 43, 'Appendicectomie', 'massa quis augue luctus tincidunt nulla mollis molestie lorem quisque ut erat curabitur gravida nisi at nibh in hac habitasse platea dictumst aliquam augue quam sollicitudin vitae consectetuer eget rutrum at lorem integer tincidunt ante vel', 'False'),
(22, 6710759, 71, 'Diabète de type 2', 'arcu sed augue aliquam erat volutpat in congue etiam justo etiam pretium iaculis justo in hac habitasse platea', 'True'),
(23, 421092, 35, 'Allérgie', 'porttitor lacus at turpis donec posuere metus vitae ipsum aliquam non mauris morbi non lectus aliquam sit amet diam in magna bibendum imperdiet nullam orci pede venenatis non sodales sed tincidunt eu felis fusce posuere felis sed lacus morbi sem', 'False'),
(24, 3692457, 50, 'Hypercholestérolémie', 'orci eget orci vehicula condimentum curabitur in libero ut massa volutpat convallis morbi odio odio elementum eu interdum eu tincidunt in leo maecenas pulvinar', 'True'),
(25, 5203934, 26, 'Allérgie', 'rutrum rutrum neque aenean auctor gravida sem praesent id massa id nisl venenatis lacinia aenean sit amet justo morbi ut odio cras', 'True'),
(26, 9897080, 60, 'Diabète de type 2', 'morbi sem mauris laoreet ut rhoncus aliquet pulvinar sed nisl nunc rhoncus dui vel sem sed sagittis nam congue risus semper porta volutpat', 'True'),
(27, 5492544, 42, 'Viol', 'morbi sem mauris laoreet ut rhoncus aliquet pulvinar sed nisl nunc rhoncus dui vel sem sed sagittis nam congue risus', 'True'),
(28, 5523539, 66, 'Hypertension artérielle', 'in tempor turpis nec euismod scelerisque quam turpis adipiscing lorem vitae', 'False'),
(29, 2407192, 31, 'Hypertension artérielle', 'eleifend donec ut dolor morbi vel lectus in quam fringilla rhoncus mauris enim leo rhoncus sed vestibulum sit amet cursus id turpis integer aliquet massa id lobortis convallis tortor risus dapibus augue vel accumsan tellus nisi eu orci mauris lacinia sapien quis libero', 'False'),
(30, 7368392, 75, 'Maladie', 'eu mi nulla ac enim in tempor turpis nec euismod scelerisque quam turpis adipiscing lorem vitae mattis nibh ligula nec sem duis aliquam convallis nunc proin at turpis a pede', 'False'),
(31, 6795963, 41, 'Viol', 'elementum nullam varius nulla facilisi cras non velit nec nisi vulputate nonummy maecenas tincidunt lacus at velit vivamus vel nulla eget eros elementum pellentesque quisque porta volutpat erat quisque erat eros viverra eget congue eget semper rutrum nulla nunc purus phasellus', 'False'),
(32, 5072370, 55, 'Vaséctomie', 'erat fermentum justo nec condimentum neque sapien placerat ante nulla justo aliquam quis', 'False'),
(33, 7253431, 22, 'Diabète de type 2', 'pharetra magna ac consequat metus sapien ut nunc vestibulum ante ipsum primis in faucibus orci luctus et ultrices posuere cubilia curae mauris viverra diam vitae quam suspendisse potenti nullam', 'False'),
(34, 3955283, 30, 'Maladie', 'a ipsum integer a nibh in quis justo maecenas rhoncus aliquam lacus morbi quis tortor id nulla ultrices aliquet maecenas leo odio condimentum id luctus nec molestie', 'True'),
(35, 7859661, 59, 'Hypercholestérolémie', 'dolor vel est donec odio justo sollicitudin ut suscipit a feugiat et eros vestibulum ac est lacinia nisi venenatis tristique fusce congue diam id ornare imperdiet sapien urna pretium nisl ut volutpat sapien arcu sed', 'False'),
(36, 743056, 58, 'Maladie', 'nec euismod scelerisque quam turpis adipiscing lorem vitae mattis nibh ligula nec sem duis aliquam convallis nunc proin at turpis a pede posuere nonummy integer non velit donec diam neque vestibulum eget vulputate ut ultrices vel augue vestibulum ante ipsum primis', 'False'),
(37, 7630980, 1, 'Allérgie', 'ut massa volutpat convallis morbi odio odio elementum eu interdum eu tincidunt in leo maecenas pulvinar lobortis est', 'False'),
(38, 6795963, 53, 'Allérgie', 'vestibulum rutrum rutrum neque aenean auctor gravida sem praesent id massa id nisl venenatis lacinia aenean sit amet justo', 'True'),
(39, 8885586, 43, 'Viol', 'integer tincidunt ante vel ipsum praesent blandit lacinia erat vestibulum sed magna at nunc commodo placerat praesent blandit nam nulla integer pede justo lacinia eget tincidunt eget tempus vel pede morbi porttitor lorem id ligula suspendisse ornare', 'False'),
(40, 7780258, 51, 'Hypercholestérolémie', 'consequat varius integer ac leo pellentesque ultrices mattis odio donec vitae nisi nam ultrices libero non mattis pulvinar nulla pede ullamcorper augue a suscipit nulla elit ac nulla sed vel enim sit amet nunc viverra dapibus nulla suscipit ligula in lacus', 'True'),
(41, 8384205, 45, 'Allérgie', 'lectus vestibulum quam sapien varius ut blandit non interdum in ante vestibulum ante ipsum primis in faucibus orci luctus et ultrices posuere cubilia curae duis faucibus accumsan odio curabitur convallis duis consequat dui nec', 'True'),
(43, 4646564, 72, 'Cancer', 'pellentesque at nulla suspendisse potenti cras in purus eu magna vulputate luctus cum sociis natoque penatibus et magnis dis parturient montes nascetur ridiculus', 'False'),
(44, 6226254, 7, 'Amputation', 'tincidunt eget tempus vel pede morbi porttitor lorem id ligula', 'True'),
(45, 1905309, 17, 'Diabète de type 2', 'aenean sit amet justo morbi ut odio cras mi pede malesuada in imperdiet et commodo vulputate justo in blandit ultrices enim lorem ipsum dolor sit amet consectetuer adipiscing elit proin interdum mauris non', 'True'),
(46, 6910892, 13, 'Hypercholestérolémie', 'ipsum primis in faucibus orci luctus et ultrices posuere cubilia curae mauris viverra diam vitae quam suspendisse potenti nullam porttitor lacus at turpis donec posuere metus vitae ipsum aliquam non mauris morbi non lectus', 'True'),
(47, 2025856, 77, 'Hypertension artérielle', 'magna vestibulum aliquet ultrices erat tortor sollicitudin mi sit amet lobortis sapien sapien non mi integer ac', 'True'),
(48, 3448204, 17, 'Diabète de type 2', 'cubilia curae donec pharetra magna vestibulum aliquet ultrices erat tortor sollicitudin mi sit amet lobortis sapien sapien non mi integer ac neque duis bibendum morbi non quam nec dui luctus rutrum nulla tellus in sagittis dui vel nisl duis', 'True'),
(49, 627550, 16, 'Maladie', 'tincidunt in leo maecenas pulvinar lobortis est phasellus sit amet erat nulla tempus vivamus in felis eu sapien cursus vestibulum proin eu mi nulla ac enim in tempor turpis', 'False'),
(50, 6084100, 36, 'Appendicectomie', 'sed justo pellentesque viverra pede ac diam cras pellentesque volutpat dui maecenas tristique est et tempus semper est quam pharetra magna ac consequat', 'True'),
(51, 523168, 2, 'Maladie', 'ornare imperdiet sapien urna pretium nisl ut volutpat sapien arcu sed augue aliquam erat volutpat in congue etiam justo etiam pretium iaculis justo in hac habitasse platea dictumst etiam faucibus cursus urna ut tellus nulla ut erat id mauris vulputate', 'True'),
(52, 3366961, 58, 'Diabète de type 2', 'luctus et ultrices posuere cubilia curae mauris viverra diam vitae quam suspendisse potenti nullam porttitor lacus at turpis donec posuere metus vitae ipsum aliquam non mauris morbi non lectus aliquam sit amet', 'False'),
(53, 2379449, 6, 'Diabète de type 2', 'ante ipsum primis in faucibus orci luctus et ultrices posuere cubilia curae donec pharetra magna vestibulum aliquet ultrices erat tortor sollicitudin mi sit amet lobortis sapien sapien non mi integer ac neque duis bibendum morbi non quam nec dui luctus rutrum', 'True'),
(54, 6462963, 8, 'Allérgie', 'eget tempus vel pede morbi porttitor lorem id ligula suspendisse ornare consequat lectus in est risus auctor sed tristique in tempus sit amet sem fusce consequat nulla', 'False'),
(55, 139397, 8, 'Vaséctomie', 'in hac habitasse platea dictumst etiam faucibus cursus urna ut tellus nulla ut', 'False'),
(58, 2688, 53, 'Allérgie', 'odio cras mi pede malesuada in imperdiet et commodo vulputate justo in blandit ultrices enim lorem ipsum dolor sit', 'False'),
(59, 2054136, 1, 'Hypercholestérolémie', 'etiam pretium iaculis justo in hac habitasse platea dictumst etiam faucibus cursus urna ut tellus nulla ut erat id mauris vulputate elementum nullam varius', 'False'),
(60, 8014622, 21, 'Hypertension artérielle', 'orci nullam molestie nibh in lectus pellentesque at nulla suspendisse potenti cras in purus eu magna vulputate luctus cum sociis natoque penatibus et magnis dis parturient montes nascetur ridiculus mus vivamus vestibulum sagittis sapien cum sociis natoque penatibus et magnis dis', 'True'),
(61, 8978743, 77, 'Maladie', 'pellentesque volutpat dui maecenas tristique est et tempus semper est quam pharetra magna ac consequat metus sapien ut nunc vestibulum ante ipsum primis in faucibus orci luctus et ultrices posuere', 'True'),
(62, 3830508, 78, 'Allérgie', 'non quam nec dui luctus rutrum nulla tellus in sagittis dui vel nisl duis ac nibh fusce lacus purus aliquet at feugiat non pretium quis lectus suspendisse potenti in eleifend quam a odio', 'True'),
(63, 3503721, 64, 'Allérgie', 'vulputate vitae nisl aenean lectus pellentesque eget nunc donec quis', 'True'),
(64, 6226254, 40, 'Maladie', 'aliquam convallis nunc proin at turpis a pede posuere nonummy integer non velit donec diam neque vestibulum eget vulputate ut ultrices vel', 'True'),
(65, 5825251, 76, 'Appendicectomie', 'ipsum dolor sit amet consectetuer adipiscing elit proin risus praesent lectus vestibulum quam sapien varius ut blandit non interdum in ante vestibulum ante ipsum primis in faucibus orci luctus et ultrices posuere cubilia curae duis faucibus accumsan odio curabitur convallis', 'True'),
(66, 7152490, 14, 'Cancer', 'erat tortor sollicitudin mi sit amet lobortis sapien sapien non mi integer ac neque duis bibendum morbi', 'False'),
(67, 3927480, 26, 'Diabète de type 2', 'at velit eu est congue elementum in hac habitasse platea dictumst morbi vestibulum velit id pretium', 'True'),
(68, 8978743, 52, 'Hypercholestérolémie', 'nec molestie sed justo pellentesque viverra pede ac diam cras pellentesque volutpat dui maecenas tristique est et tempus semper est quam pharetra magna', 'True'),
(69, 4520800, 34, 'Amputation', 'donec ut mauris eget massa tempor convallis nulla neque libero convallis eget eleifend luctus ultricies eu nibh quisque id justo sit amet sapien dignissim vestibulum vestibulum ante ipsum primis in faucibus orci luctus et ultrices posuere cubilia curae nulla dapibus dolor vel', 'False'),
(70, 896854, 4, 'Appendicectomie', 'elementum eu interdum eu tincidunt in leo maecenas pulvinar lobortis est phasellus sit amet erat nulla tempus vivamus in felis eu sapien cursus vestibulum proin eu mi nulla ac enim in tempor turpis nec euismod scelerisque quam turpis adipiscing', 'True'),
(71, 807163, 39, 'Hypertension artérielle', 'justo etiam pretium iaculis justo in hac habitasse platea dictumst etiam faucibus cursus urna ut tellus nulla ut erat id mauris vulputate elementum nullam varius nulla', 'False'),
(72, 1721611, 61, 'Cancer', 'ut ultrices vel augue vestibulum ante ipsum primis in faucibus orci luctus et ultrices posuere cubilia curae', 'True'),
(73, 8159946, 64, 'Vaséctomie', 'etiam vel augue vestibulum rutrum rutrum neque aenean auctor gravida sem praesent id massa id nisl venenatis lacinia aenean sit amet justo morbi ut odio cras mi pede malesuada in imperdiet et commodo vulputate justo in blandit ultrices', 'True'),
(74, 4678788, 3, 'Appendicectomie', 'imperdiet sapien urna pretium nisl ut volutpat sapien arcu sed augue aliquam erat volutpat in congue etiam justo etiam pretium iaculis justo in hac habitasse platea dictumst etiam faucibus cursus urna ut tellus nulla ut erat id mauris vulputate', 'False'),
(75, 9231208, 43, 'Cancer', 'mauris viverra diam vitae quam suspendisse potenti nullam porttitor lacus at turpis donec posuere metus vitae ipsum', 'True'),
(76, 631534, 75, 'Hypertension artérielle', 'leo maecenas pulvinar lobortis est phasellus sit amet erat nulla tempus vivamus in felis eu sapien cursus vestibulum proin eu mi nulla ac enim in tempor turpis nec euismod scelerisque quam turpis adipiscing', 'False'),
(77, 5492544, 9, 'Allérgie', 'in faucibus orci luctus et ultrices posuere cubilia curae nulla dapibus dolor', 'True'),
(78, 6776, 8, 'Hypercholestérolémie', 'eget nunc donec quis orci eget orci vehicula condimentum curabitur in libero ut massa volutpat convallis morbi odio odio elementum eu interdum eu tincidunt in leo maecenas pulvinar lobortis est phasellus sit amet erat', 'False'),
(79, 9231208, 15, 'Hypercholestérolémie', 'ut nunc vestibulum ante ipsum primis in faucibus orci luctus et ultrices posuere cubilia curae mauris viverra diam vitae quam suspendisse potenti nullam porttitor lacus at turpis donec posuere metus vitae ipsum aliquam non mauris morbi non', 'True'),
(80, 4411888, 2, 'Amputation', 'vitae mattis nibh ligula nec sem duis aliquam convallis nunc', 'True'),
(81, 5403929, 77, 'Diabète de type 2', 'nibh in hac habitasse platea dictumst aliquam augue quam sollicitudin vitae consectetuer eget rutrum at lorem integer tincidunt ante vel ipsum praesent blandit lacinia erat vestibulum sed magna at nunc commodo placerat praesent blandit nam', 'False'),
(82, 9231208, 33, 'Hypertension artérielle', 'varius ut blandit non interdum in ante vestibulum ante ipsum primis in faucibus orci luctus et ultrices posuere cubilia curae duis faucibus accumsan odio curabitur convallis duis consequat dui nec nisi volutpat eleifend donec ut dolor morbi vel lectus in quam', 'False'),
(83, 1315114, 62, 'Viol', 'orci pede venenatis non sodales sed tincidunt eu felis fusce posuere felis sed lacus morbi sem mauris laoreet ut rhoncus', 'False'),
(84, 9738901, 8, 'Viol', 'sapien varius ut blandit non interdum in ante vestibulum ante ipsum primis in faucibus orci luctus et ultrices posuere cubilia curae duis faucibus accumsan odio curabitur convallis duis consequat', 'True'),
(85, 9887, 26, '5454', 'asasasas', 'True');

-- --------------------------------------------------------

--
-- Structure de la table `ci_sessions`
--

CREATE TABLE IF NOT EXISTS `ci_sessions` (
  `session_id` varchar(60) NOT NULL DEFAULT '0',
  `Mail_Session` varchar(30) NOT NULL,
  `last_activity` varchar(10) NOT NULL,
  PRIMARY KEY (`session_id`),
  UNIQUE KEY `Cle-etrangere-mail_cisession` (`Mail_Session`)
) ENGINE=InnoDB DEFAULT CHARSET=latin1;

-- --------------------------------------------------------

--
-- Structure de la table `medecins`
--

CREATE TABLE IF NOT EXISTS `medecins` (
  `ID_Medecin` int(10) unsigned NOT NULL AUTO_INCREMENT,
  `Nom_Medecin` varchar(25) DEFAULT NULL,
  `Prenom_Medecin` varchar(25) DEFAULT NULL,
  `Mail_Medecin` varchar(25) DEFAULT NULL,
  `MDP_Medecin` varchar(50) DEFAULT NULL,
  `Specialite_Medecin` int(2) DEFAULT NULL,
  `Date_Naiss_Medecin` varchar(20) NOT NULL,
  `Region_Cabinet_Medecin` int(2) DEFAULT NULL,
  `Num_Rue_Medecin` int(10) DEFAULT NULL,
  `Nom_Rue_Medecin` varchar(26) DEFAULT NULL,
  PRIMARY KEY (`ID_Medecin`)
) ENGINE=InnoDB  DEFAULT CHARSET=latin1 AUTO_INCREMENT=80 ;

--
-- Contenu de la table `medecins`
--

INSERT INTO `medecins` (`ID_Medecin`, `Nom_Medecin`, `Prenom_Medecin`, `Mail_Medecin`, `MDP_Medecin`, `Specialite_Medecin`, `Date_Naiss_Medecin`, `Region_Cabinet_Medecin`, `Num_Rue_Medecin`, `Nom_Rue_Medecin`) VALUES
(1, 'Rongen', 'Lisa', 'lisarongen@laposte.com', 'motdepasse', 12, '02/12/1994', 67, 781, 'Autauroute noire du belges'),
(2, 'Frances', 'Lén', 'fcastillo1@slideshare.net', 'Eg70H0o7', 4, '28/09/1986', 68, 926, 'Autauroute noire du belges'),
(3, 'Kathleen', 'Ruò', 'khernandez2@photobucket.c', 'ldxMf8', 3, '10/08/1967', 21, 415, 'Rue du Cabaret'),
(4, 'Harold', 'Maëlys', 'hgibson3@histats.com', 'fTyd3vQ6aO', 10, '20/07/1970', 58, 784, 'Rue de TroisQuatre'),
(5, 'Angela', 'Régine', 'avasquez4@wix.com', '8NAFgSfX90d', 12, '17/01/1964', 40, 481, 'Boulevard St Martin'),
(6, 'Cynthia', 'Almérinda', 'cgarcia5@imgur.com', 'eYB9MptHBMa', 10, '08/01/1967', 73, 819, 'Rue Isaac Azimov'),
(7, 'Ruby', 'Inès', 'rburke6@github.io', 'nbEk3jgmA', 7, '12/04/1981', 93, 180, 'Rue du Faubourg'),
(8, 'Beverly', 'Kuí', 'bkennedy7@netscape.com', 'RFLDtIXpmrX5', 1, '12/09/1957', 90, 709, 'Rue Raréri'),
(9, 'Jessica', 'Clémence', 'jkim8@lulu.com', '0WCsBfp4PNK', 11, '30/12/1946', 48, 502, 'Rue de TroisQuatre'),
(10, 'Christina', 'Méryl', 'creid9@ebay.com', '2Zin87Mb', 2, '19/08/1959', 79, 483, 'Autauroute noire du belges'),
(11, 'Nicholas', 'Valérie', 'ncunninghama@yellowpages.', 'i4jvI82pv', 1, '11/02/1950', 89, 174, 'Rue du Cabaret'),
(12, 'Phyllis', 'Intéressant', 'pallenb@example.com', 'KEKc7rRuqOk', 10, '03/08/1969', 77, 998, 'Rue Isaac Azimov'),
(13, 'Stephen', 'Yè', 'sreyesc@stumbleupon.com', 'yU1X1x7', 12, '28/01/1975', 38, 43, 'Autauroute noire du belges'),
(14, 'Nancy', 'Táng', 'nstewartd@technorati.com', 'Fkfy5LhdH', 9, '14/04/1946', 61, 791, 'Rue Raréri'),
(15, 'William', 'Gaëlle', 'wolsone@pbs.org', '3Mr6NO6ZXE8G', 10, '21/11/1976', 46, 88, 'Rue Raréri'),
(16, 'Todd', 'Åsa', 'tgardnerf@wp.com', 'bnv1nKciez', 12, '09/07/1948', 66, 574, 'Rue Raréri'),
(17, 'Joan', 'Ophélie', 'jrossg@purevolume.com', 'Hm1zbSuR1I', 9, '17/08/1973', 35, 561, 'Rue Raréri'),
(18, 'Ryan', 'Michèle', 'rnicholsh@examiner.com', 'XmNZ1VKLBV29', 10, '16/02/1977', 64, 378, 'Rue du Cabaret'),
(19, 'Kevin', 'Gösta', 'kmarshalli@merriam-webste', '5Huy4Xg', 8, '11/06/1955', 52, 734, 'Rue de TroisQuatre'),
(20, 'Antonio', 'Eliès', 'ahudsonj@pbs.org', 'lVBoKOP', 1, '19/12/1964', 92, 239, 'Rue du Faubourg'),
(21, 'Edward', 'Bécassine', 'ejonesk@vistaprint.com', 'PZE80YXDt', 2, '06/02/1971', 19, 778, 'Rue du Faubourg'),
(22, 'Stephen', 'Torbjörn', 'srobertsonl@census.gov', 'Vp1VpWS', 7, '25/04/1978', 74, 99, 'Rue Isaac Azimov'),
(23, 'Robin', 'Intéressant', 'rmatthewsm@unc.edu', '78XSOn2aAwW', 2, '02/06/1989', 40, 99, 'Rue du Faubourg'),
(25, 'Emily', 'Mégane', 'elaneo@biglobe.ne.jp', 'I6kVsZT', 3, '08/03/1954', 15, 239, 'La mer noire'),
(26, 'Lillian', 'Réjane', 'lgrayp@mit.edu', 'KtE8Hh2gGO', 4, '27/08/1963', 71, 784, 'Route du soleil'),
(27, 'Barbara', 'Véronique', 'bhayesq@homestead.com', 'ZLxyBD', 12, '02/09/1988', 76, 249, 'Autauroute noire du belges'),
(28, 'Ernest', 'Félicie', 'eowensr@tamu.edu', 'uZtahptRDIr', 10, '30/12/1969', 40, 935, 'Route du soleil'),
(29, 'Denise', 'Uò', 'dhudsons@home.pl', 'k1CigqjAQCuL', 8, '19/08/1976', 91, 595, 'Rue Isaac Azimov'),
(30, 'Donald', 'Lauréna', 'dbennettt@mapquest.com', 'b88v2Z', 9, '27/03/1982', 17, 304, 'La mer noire'),
(31, 'Anthony', 'Personnalisée', 'ajonesu@hostgator.com', 'HVJmp1Kswh', 10, '20/01/1946', 16, 596, 'Rue du Cabaret'),
(32, 'Scott', 'Sélène', 'smorenov@facebook.com', '3rGUdCfgFEO', 8, '01/02/1951', 15, 948, 'Rue de TroisQuatre'),
(33, 'Jason', 'Alizée', 'jcrawfordw@mozilla.com', 'YdlArJMWrgN', 1, '30/12/1965', 56, 118, 'Rue de la paix'),
(34, 'Ruby', 'Séréna', 'rdixonx@globo.com', 'mt0momSP5iE', 3, '10/01/1986', 70, 201, 'Autauroute noire du belges'),
(35, 'Lois', 'Tú', 'lcartery@wikipedia.org', 'v7KIg61cE5', 10, '27/06/1955', 26, 826, 'Rue de la paix'),
(36, 'Andrea', 'Béatrice', 'amoorez@cdbaby.com', '9sCtAtFrgoC', 7, '08/04/1954', 89, 58, 'La mer noire'),
(37, 'Chris', 'Lóng', 'cwilliamson10@alibaba.com', 'TS665sE0oSO', 5, '31/03/1960', 90, 441, 'Rue du Faubourg'),
(38, 'Gary', 'Åsa', 'ghernandez11@scientificam', '6tOVOc', 4, '03/09/1947', 13, 869, 'Route du soleil'),
(39, 'Jesse', 'Naéva', 'jpeterson12@naver.com', 'TkNje18', 4, '13/08/1981', 45, 970, 'Rue de TroisQuatre'),
(40, 'Shirley', 'Cléopatre', 'scarroll13@example.com', '4oAnsPZJLzj', 12, '27/10/1976', 72, 820, 'Rue du Cabaret'),
(41, 'Carl', 'Görel', 'csimmons14@dot.gov', 'en6XZZ2X8D', 10, '25/05/1977', 52, 945, 'Rue Isaac Azimov'),
(42, 'Pamela', 'Célestine', 'pflores15@imdb.com', 'U4XWKTQvgE', 2, '12/01/1974', 55, 664, 'Autauroute noire du belges'),
(43, 'Jacqueline', 'Aloïs', 'jwillis16@prlog.org', 'ekE1x3', 8, '25/03/1951', 53, 298, 'Rue du Cabaret'),
(44, 'Rachel', 'Edmée', 'rwilliams17@newyorker.com', 'ZNPw1p', 1, '04/08/1985', 59, 673, 'Autauroute noire du belges'),
(45, 'Jimmy', 'Daphnée', 'jmurphy18@admin.ch', 'NUUf9d', 4, '09/10/1962', 9, 62, 'Boulevard St Martin'),
(46, 'Andrew', 'Loïc', 'arichards19@pagesperso-or', 'Jy5qXDQ', 6, '29/07/1960', 66, 380, 'Rue du Cabaret'),
(47, 'Benjamin', 'Lyséa', 'barnold1a@booking.com', 'OAQgW2glqgPB', 6, '12/01/1950', 62, 276, 'La mer noire'),
(48, 'Edward', 'Maïlis', 'emurphy1b@scientificameri', 'IIGnKB0iqBkR', 4, '11/10/1960', 50, 962, 'Rue Isaac Azimov'),
(49, 'Betty', 'Léandre', 'bstone1c@facebook.com', 'GcAF391tZ', 8, '23/06/1957', 74, 122, 'Rue du Cabaret'),
(50, 'Brenda', 'Bécassine', 'bruiz1d@paginegialle.it', 'rykKeD', 10, '28/07/1956', 46, 603, 'Route du soleil'),
(51, 'Billy', 'Sòng', 'btorres1e@npr.org', 'E6YxTrmXPXVA', 5, '05/01/1958', 8, 728, 'La mer noire'),
(52, 'Victor', 'Maëlla', 'vscott1f@usnews.com', '3lQU41ZzKMRv', 1, '21/09/1947', 88, 755, 'Rue du Faubourg'),
(53, 'Gary', 'Vénus', 'grose1g@yellowbook.com', 'PywR0pxBaAfA', 4, '14/10/1971', 31, 239, 'Rue Isaac Azimov'),
(54, 'Louis', 'Mélinda', 'lhunt1h@wikimedia.org', 'kIEKuf1fnx58', 7, '12/05/1981', 20, 363, 'Boulevard St Martin'),
(55, 'Donna', 'Renée', 'dallen1i@digg.com', 'wEzey1ajp', 2, '31/12/1982', 53, 398, 'Autauroute noire du belges'),
(56, 'Jerry', 'Eléonore', 'jpalmer1j@facebook.com', 'HEajVsFbfat', 1, '26/02/1984', 20, 844, 'Autauroute noire du belges'),
(57, 'Russell', 'Clémence', 'rwheeler1k@spiegel.de', 'UbHPPS8', 11, '21/11/1983', 26, 447, 'Rue Raréri'),
(58, 'Jesse', 'Bécassine', 'jcastillo1l@state.gov', 'H5a2lrEC9', 3, '05/05/1951', 40, 289, 'Rue du Cabaret'),
(59, 'Mark', 'Rébecca', 'mmendoza1m@comcast.net', 'UsnNU8au3CMa', 4, '25/07/1967', 92, 671, 'Route du soleil'),
(60, 'Carol', 'Mà', 'ctaylor1n@statcounter.com', 'EqJe2D', 4, '30/03/1983', 76, 909, 'Route du soleil'),
(61, 'Cheryl', 'Bérénice', 'ccarr1o@yahoo.co.jp', '7U5RHFKyKg', 5, '20/03/1968', 75, 75, 'Autauroute noire du belges'),
(62, 'Diana', 'Lucrèce', 'dwashington1p@people.com.', '7H89JEK', 10, '10/02/1979', 30, 149, 'Rue du Cabaret'),
(63, 'James', 'Clélia', 'jrivera1q@over-blog.com', 'Ina4XGHa', 5, '03/02/1983', 49, 193, 'Rue Raréri'),
(64, 'Jose', 'Mélanie', 'jsullivan1r@issuu.com', '5cKgNs', 12, '10/05/1989', 10, 764, 'Rue Raréri'),
(65, 'Anne', 'Hélène', 'acollins1s@columbia.edu', 'MzgJkiln3zc', 2, '28/11/1972', 37, 227, 'Rue de la paix'),
(66, 'Sharon', 'Yóu', 'sdunn1t@1688.com', 'KrgPJMwJIb', 11, '25/01/1979', 62, 757, 'Rue Isaac Azimov'),
(67, 'Willie', 'Estève', 'wgarcia1u@berkeley.edu', 'YsKVF5wrJiy7', 1, '06/05/1952', 95, 534, 'Rue Raréri'),
(68, 'Gloria', 'Cunégonde', 'gcollins1v@ihg.com', 'GRgVI46GtS', 6, '19/12/1979', 29, 258, 'Rue Raréri'),
(69, 'Frances', 'Lyséa', 'fharper1w@geocities.jp', 'ydRNpF3m', 8, '25/10/1951', 61, 146, 'Autauroute noire du belges'),
(70, 'Fred', 'Léonie', 'fdaniels1x@simplemachines', 'xUA0bO5ajl1', 9, '25/03/1971', 92, 150, 'Rue du Cabaret'),
(71, 'Doris', 'Célestine', 'dwright1y@simplemachines.', 'H4wecRs', 7, '17/12/1981', 45, 273, 'Rue du Faubourg'),
(72, 'Deborah', 'Mélanie', 'dcox1z@java.com', '2vnAG00rSZn3', 1, '01/05/1966', 10, 487, 'Route du soleil'),
(73, 'Jason', 'Adèle', 'jmontgomery20@wundergroun', 'tM9AjL', 2, '19/11/1971', 14, 379, 'Rue de TroisQuatre'),
(74, 'Russell', 'Anaëlle', 'rkim21@tinyurl.com', 'YmwTi3ZZKi', 1, '29/10/1976', 41, 658, 'Rue de la paix'),
(75, 'Marilyn', 'Mélanie', 'mcoleman22@nifty.com', 'vEyLZ056', 1, '01/04/1989', 45, 284, 'Rue Isaac Azimov'),
(76, 'Kathryn', 'Maëline', 'kmiller23@wired.com', 'EHSjEQXTh', 1, '11/01/1966', 59, 703, 'Route du soleil'),
(77, 'Patricia', 'Simplifiés', 'phamilton24@163.com', 'kgWeivR', 8, '12/05/1984', 4, 121, 'Autauroute noire du belges'),
(78, 'Bonnie', 'Lóng', 'bwood25@tumblr.com', 'jNuOPASS1Qt', 7, '01/06/1968', 2, 224, 'Rue de la paix'),
(79, 'Eugene', 'Eugénie', 'emontgomery26@bloglovin.c', 'CezgjMG0qkx', 6, '18/05/1954', 34, 452, 'Boulevard St Martin');

-- --------------------------------------------------------

--
-- Structure de la table `ordonnances`
--

CREATE TABLE IF NOT EXISTS `ordonnances` (
  `Num_Ordonnance` int(11) NOT NULL AUTO_INCREMENT,
  `Date_Edition_Ordonnance` varchar(25) DEFAULT NULL,
  `Remarque_Ordonnance` varchar(500) DEFAULT NULL,
  `Numero_Piece_ID` int(20) unsigned NOT NULL DEFAULT '0',
  `ID_Medecin` int(20) unsigned NOT NULL DEFAULT '0',
  `LienPhoto` varchar(200) DEFAULT NULL,
  PRIMARY KEY (`Num_Ordonnance`,`Numero_Piece_ID`,`ID_Medecin`) COMMENT 'CP_Ordonnances',
  UNIQUE KEY `LienPhoto` (`LienPhoto`),
  KEY `Cle_Etrangere_Patient` (`Numero_Piece_ID`),
  KEY `Cle_Etrangere_Medecin` (`ID_Medecin`)
) ENGINE=InnoDB  DEFAULT CHARSET=latin1 AUTO_INCREMENT=95 ;

--
-- Contenu de la table `ordonnances`
--

INSERT INTO `ordonnances` (`Num_Ordonnance`, `Date_Edition_Ordonnance`, `Remarque_Ordonnance`, `Numero_Piece_ID`, `ID_Medecin`, `LienPhoto`) VALUES
(1, '23/05/2015', 'Ordonnance de Bétadine de Mme Spencer', 9887, 11, NULL),
(2, '23/05/2015', 'Ordonnance de Doliprane de M X', 198300, 5, NULL),
(3, '01/07/2012', NULL, 711229, 70, 'http://theses.vet-alfort.fr/Th_multimedia/BBayon/parasitool/img/icones/ordonnance.jpg'),
(4, '02/07/2014', 'ornare consequat lectus in est risus auctor sed tristique in tempus sit amet sem fusce consequat nulla nisl nunc nisl duis', 8384205, 4, NULL),
(5, '22/12/2011', 'duis at velit eu est congue elementum in hac habitasse platea dictumst morbi vestibulum velit id pretium iaculis diam erat fermentum justo nec condimentum neque sapien placerat ante nulla justo aliquam quis turpis eget elit sodales', 6307577, 13, NULL),
(6, '10/05/2012', 'scelerisque mauris sit amet eros suspendisse accumsan tortor quis turpis sed ante vivamus tortor duis mattis egestas metus aenean fermentum donec ut mauris eget massa tempor', 3818744, 42, NULL),
(7, '29/07/2012', 'vulputate luctus cum sociis natoque penatibus et magnis dis parturient montes nascetur ridiculus mus vivamus vestibulum sagittis sapien cum sociis natoque penatibus et magnis dis parturient montes nascetur ridiculus mus etiam vel augue vestibulum rutrum rutrum', 1846052, 60, NULL),
(8, '25/05/2012', 'diam neque vestibulum eget vulputate ut ultrices vel augue vestibulum ante ipsum primis in faucibus orci', 2220898, 22, NULL),
(9, '20/12/2011', 'lorem ipsum dolor sit amet consectetuer adipiscing elit proin risus praesent', 1611650, 33, NULL),
(10, '13/03/2012', 'turpis nec euismod scelerisque quam turpis adipiscing lorem vitae mattis nibh ligula nec sem duis aliquam convallis nunc proin at turpis a pede posuere nonummy integer', 6640466, 20, NULL),
(11, '19/10/2013', 'congue etiam justo etiam pretium iaculis justo in hac habitasse platea dictumst etiam faucibus cursus urna ut tellus nulla ut erat id mauris vulputate', 7368392, 13, NULL),
(12, '21/10/2014', 'quis odio consequat varius integer ac leo pellentesque ultrices mattis odio donec vitae nisi nam ultrices libero non mattis pulvinar nulla pede ullamcorper augue a suscipit nulla elit ac nulla sed vel enim sit', 1322990, 72, NULL),
(13, '27/09/2011', 'felis fusce posuere felis sed lacus morbi sem mauris laoreet ut rhoncus aliquet pulvinar sed nisl nunc rhoncus dui vel sem sed sagittis nam congue risus semper porta volutpat quam pede lobortis ligula sit amet eleifend pede libero quis', 1730725, 4, NULL),
(14, '28/08/2012', 'eu tincidunt in leo maecenas pulvinar lobortis est phasellus sit amet erat nulla tempus vivamus in felis eu sapien cursus vestibulum proin eu mi nulla ac enim in tempor turpis nec euismod', 7626262, 71, NULL),
(15, '05/08/2014', 'eget semper rutrum nulla nunc purus phasellus in felis donec semper sapien a libero nam dui proin leo odio porttitor id consequat in consequat ut nulla sed accumsan felis ut at dolor quis odio consequat varius integer ac', 4810807, 2, NULL),
(16, '29/10/2014', 'enim sit amet nunc viverra dapibus nulla suscipit ligula in lacus curabitur at ipsum ac tellus semper interdum mauris ullamcorper purus sit amet nulla quisque arcu libero rutrum ac lobortis vel dapibus at', 6863272, 48, NULL),
(17, '28/08/2014', 'quam pede lobortis ligula sit amet eleifend pede libero quis orci nullam molestie nibh in lectus pellentesque at nulla suspendisse potenti cras in purus eu magna vulputate luctus cum sociis natoque penatibus et magnis dis parturient montes nascetur', 6376765, 43, NULL),
(18, '26/06/2012', 'commodo placerat praesent blandit nam nulla integer pede justo lacinia eget tincidunt eget tempus vel pede morbi porttitor', 4821856, 69, NULL),
(19, '10/09/2014', 'erat vestibulum sed magna at nunc commodo placerat praesent blandit nam nulla integer pede justo lacinia eget tincidunt eget tempus vel pede morbi porttitor lorem id ligula suspendisse', 5697179, 45, NULL),
(20, '06/07/2012', 'in consequat ut nulla sed accumsan felis ut at dolor quis odio consequat varius integer ac leo pellentesque ultrices mattis odio donec vitae nisi nam ultrices libero non mattis pulvinar', 611163, 4, NULL),
(21, '18/10/2012', 'eros viverra eget congue eget semper rutrum nulla nunc purus phasellus in felis donec semper sapien a libero nam dui proin leo', 4391625, 10, NULL),
(22, '22/07/2010', 'nunc donec quis orci eget orci vehicula condimentum curabitur in libero ut', 8912681, 9, NULL),
(23, '10/09/2012', 'mattis odio donec vitae nisi nam ultrices libero non mattis pulvinar nulla', 667750, 15, NULL),
(24, '03/07/2012', 'quis augue luctus tincidunt nulla mollis molestie lorem quisque ut erat curabitur gravida nisi at nibh in hac habitasse platea dictumst aliquam augue quam sollicitudin vitae consectetuer eget rutrum at lorem integer tincidunt ante vel ipsum praesent blandit lacinia erat', 7780258, 62, NULL),
(25, '23/07/2014', 'magna ac consequat metus sapien ut nunc vestibulum ante ipsum primis in faucibus orci luctus et ultrices posuere cubilia curae mauris viverra diam vitae', 4252009, 26, NULL),
(26, '11/03/2012', 'curae mauris viverra diam vitae quam suspendisse potenti nullam porttitor lacus at turpis donec posuere metus vitae ipsum aliquam non mauris morbi non lectus aliquam sit amet diam in magna bibendum', 8147665, 20, NULL),
(27, '02/01/2013', 'integer non velit donec diam neque vestibulum eget vulputate ut ultrices', 3392351, 6, NULL),
(28, '25/01/2014', 'ut nulla sed accumsan felis ut at dolor quis odio consequat varius integer ac leo pellentesque ultrices mattis odio donec vitae nisi nam ultrices libero non mattis pulvinar nulla', 5327726, 34, NULL),
(29, '28/04/2011', 'dictumst maecenas ut massa quis augue luctus tincidunt nulla mollis molestie lorem quisque ut erat curabitur gravida nisi at nibh in hac habitasse platea dictumst aliquam augue quam sollicitudin vitae', 7715177, 34, NULL),
(30, '14/07/2010', 'mattis pulvinar nulla pede ullamcorper augue a suscipit nulla elit ac nulla sed vel enim sit amet nunc viverra dapibus nulla suscipit ligula in lacus curabitur at ipsum ac tellus semper interdum mauris ullamcorper purus sit amet nulla quisque arcu', 6988051, 54, NULL),
(31, '03/02/2015', 'sem fusce consequat nulla nisl nunc nisl duis bibendum felis sed interdum venenatis turpis enim', 8799589, 22, NULL),
(32, '22/08/2014', 'curabitur in libero ut massa volutpat convallis morbi odio odio elementum eu interdum', 7994815, 7, NULL),
(33, '02/02/2012', 'velit id pretium iaculis diam erat fermentum justo nec condimentum neque sapien placerat ante nulla justo aliquam quis turpis eget elit sodales scelerisque mauris sit amet eros suspendisse accumsan tortor quis turpis', 5760069, 55, NULL),
(34, '22/07/2014', 'adipiscing molestie hendrerit at vulputate vitae nisl aenean lectus pellentesque eget nunc donec quis orci eget orci vehicula condimentum curabitur in libero ut massa volutpat convallis morbi odio odio elementum eu interdum', 1702974, 79, NULL),
(35, '02/06/2010', 'turpis donec posuere metus vitae ipsum aliquam non mauris morbi non lectus aliquam sit amet diam in magna bibendum imperdiet nullam orci pede venenatis non sodales sed tincidunt eu felis fusce posuere', 6013157, 21, NULL),
(36, '21/12/2014', 'a libero nam dui proin leo odio porttitor id consequat in consequat ut nulla sed accumsan felis ut at dolor quis odio consequat varius integer ac leo pellentesque ultrices mattis odio donec vitae nisi nam ultrices libero', 4350934, 25, NULL),
(37, '27/12/2012', 'in lectus pellentesque at nulla suspendisse potenti cras in purus eu magna vulputate luctus cum sociis natoque penatibus et magnis dis parturient montes nascetur ridiculus mus vivamus vestibulum', 818773, 3, NULL),
(38, '25/08/2014', 'pulvinar sed nisl nunc rhoncus dui vel sem sed sagittis nam congue risus semper porta volutpat quam pede lobortis ligula sit amet eleifend pede libero quis orci nullam molestie nibh in lectus pellentesque at nulla suspendisse potenti cras', 6877029, 31, NULL),
(39, '02/03/2013', 'nulla suspendisse potenti cras in purus eu magna vulputate luctus cum sociis natoque penatibus et magnis dis parturient montes nascetur ridiculus mus vivamus vestibulum sagittis sapien cum sociis natoque penatibus et magnis dis parturient montes', 4439477, 36, NULL),
(40, '24/04/2011', 'habitasse platea dictumst maecenas ut massa quis augue luctus tincidunt nulla mollis molestie lorem quisque ut erat curabitur gravida nisi at nibh in hac habitasse platea dictumst aliquam augue quam sollicitudin vitae consectetuer eget rutrum at lorem integer tincidunt ante vel', 2108718, 5, NULL),
(42, '30/01/2014', 'condimentum id luctus nec molestie sed justo pellentesque viverra pede ac diam cras pellentesque volutpat dui maecenas tristique est et tempus semper est quam', 6182504, 35, NULL),
(43, '30/01/2015', 'rhoncus aliquet pulvinar sed nisl nunc rhoncus dui vel sem', 9611047, 70, NULL),
(44, '19/01/2012', 'turpis nec euismod scelerisque quam turpis adipiscing lorem vitae mattis nibh ligula nec sem duis aliquam convallis', 8407718, 6, NULL),
(45, '22/08/2014', 'dui vel sem sed sagittis nam congue risus semper porta volutpat quam pede lobortis ligula sit amet eleifend pede libero quis orci nullam molestie nibh in lectus pellentesque at nulla suspendisse', 1230577, 77, NULL),
(46, '13/04/2011', 'congue vivamus metus arcu adipiscing molestie hendrerit at vulputate vitae nisl aenean lectus pellentesque eget nunc donec quis orci eget orci vehicula condimentum', 800158, 4, NULL),
(47, '23/06/2014', 'rutrum neque aenean auctor gravida sem praesent id massa id nisl venenatis lacinia aenean sit amet justo morbi ut odio cras mi pede malesuada in imperdiet et commodo vulputate justo in blandit ultrices enim lorem ipsum dolor sit amet consectetuer', 3402259, 9, NULL),
(48, '23/01/2012', 'ut rhoncus aliquet pulvinar sed nisl nunc rhoncus dui vel sem sed sagittis nam congue risus semper porta volutpat quam pede lobortis ligula sit amet eleifend pede libero quis orci nullam molestie nibh', 4520800, 3, NULL),
(49, '06/12/2014', 'aenean sit amet justo morbi ut odio cras mi pede malesuada in imperdiet et commodo vulputate justo in blandit ultrices enim lorem ipsum dolor sit amet consectetuer adipiscing elit proin interdum mauris non ligula pellentesque ultrices', 9205324, 57, NULL),
(50, '04/05/2013', 'nascetur ridiculus mus vivamus vestibulum sagittis sapien cum sociis natoque penatibus et magnis dis parturient montes nascetur ridiculus mus etiam vel augue vestibulum rutrum rutrum neque aenean auctor gravida sem praesent', 4344667, 55, NULL),
(51, '15/07/2010', 'aliquam lacus morbi quis tortor id nulla ultrices aliquet maecenas leo odio condimentum id luctus nec molestie sed justo pellentesque viverra pede ac diam cras pellentesque volutpat dui maecenas tristique est et tempus semper est quam pharetra', 7623535, 21, NULL),
(52, '19/02/2013', 'nisl duis bibendum felis sed interdum venenatis turpis enim blandit mi in porttitor pede justo eu massa donec dapibus duis at velit eu est congue elementum', 9708601, 31, NULL),
(53, '05/09/2014', 'pede justo lacinia eget tincidunt eget tempus vel pede morbi porttitor lorem id ligula suspendisse ornare consequat lectus in est risus auctor sed tristique in tempus sit', 2220898, 28, NULL),
(54, '19/05/2011', 'ut massa quis augue luctus tincidunt nulla mollis molestie lorem quisque ut', 5953255, 76, NULL),
(55, '22/01/2011', 'lectus pellentesque at nulla suspendisse potenti cras in purus eu magna vulputate luctus cum sociis natoque penatibus et magnis dis parturient montes nascetur ridiculus mus vivamus vestibulum sagittis sapien cum sociis natoque penatibus et magnis dis', 2505001, 21, NULL),
(56, '13/06/2010', 'amet consectetuer adipiscing elit proin risus praesent lectus vestibulum quam', 33141, 36, NULL),
(57, '05/05/2015', 'nibh in lectus pellentesque at nulla suspendisse potenti cras in purus eu magna vulputate luctus cum sociis natoque penatibus et magnis dis parturient montes nascetur ridiculus mus vivamus vestibulum sagittis sapien cum sociis natoque penatibus et magnis dis parturient montes nascetur', 7994815, 1, NULL),
(58, '16/05/2012', 'sit amet turpis elementum ligula vehicula consequat morbi a ipsum integer a nibh in quis justo', 2633162, 63, NULL),
(59, '17/01/2014', 'sit amet turpis elementum ligula vehicula consequat morbi a ipsum', 397037, 23, NULL),
(60, '04/04/2015', 'eu est congue elementum in hac habitasse platea dictumst morbi vestibulum velit id pretium iaculis diam erat fermentum justo nec condimentum neque sapien placerat ante nulla justo aliquam quis turpis eget elit sodales scelerisque mauris sit amet eros', 245019, 54, NULL),
(61, '25/09/2014', 'volutpat eleifend donec ut dolor morbi vel lectus in quam fringilla rhoncus mauris enim leo rhoncus sed vestibulum sit amet cursus id turpis integer aliquet massa id lobortis convallis tortor risus dapibus augue vel accumsan tellus nisi', 8035829, 37, NULL),
(62, '22/08/2014', 'posuere cubilia curae nulla dapibus dolor vel est donec odio justo sollicitudin ut suscipit a feugiat et eros vestibulum ac est lacinia nisi', 2407192, 17, NULL),
(63, '12/09/2013', 'sed vel enim sit amet nunc viverra dapibus nulla suscipit ligula in lacus curabitur at ipsum ac tellus semper interdum mauris ullamcorper purus sit amet nulla quisque arcu libero rutrum ac lobortis vel dapibus at diam nam tristique tortor eu pede', 4550722, 21, NULL),
(64, '11/04/2014', 'cubilia curae mauris viverra diam vitae quam suspendisse potenti nullam porttitor lacus at turpis donec posuere metus vitae ipsum aliquam non mauris morbi non lectus aliquam sit amet diam in magna bibendum imperdiet nullam orci pede venenatis non', 9999603, 79, NULL),
(65, '28/08/2013', 'justo aliquam quis turpis eget elit sodales scelerisque mauris sit amet eros suspendisse accumsan tortor quis turpis sed ante vivamus tortor duis mattis egestas metus aenean fermentum donec ut', 7630980, 60, NULL),
(66, '14/04/2011', 'rutrum rutrum neque aenean auctor gravida sem praesent id massa id nisl venenatis lacinia aenean sit amet justo morbi ut odio cras', 4646564, 5, NULL),
(67, '23/11/2012', 'hac habitasse platea dictumst maecenas ut massa quis augue luctus tincidunt nulla mollis molestie lorem quisque ut erat curabitur gravida nisi at nibh in hac habitasse platea dictumst aliquam augue quam sollicitudin vitae consectetuer eget rutrum at', 446844, 27, NULL),
(68, '27/05/2013', 'et eros vestibulum ac est lacinia nisi venenatis tristique fusce congue diam id ornare imperdiet sapien urna pretium nisl ut volutpat sapien arcu sed augue aliquam erat volutpat', 5238080, 28, NULL),
(69, '05/04/2012', 'felis fusce posuere felis sed lacus morbi sem mauris laoreet ut rhoncus aliquet pulvinar sed nisl nunc rhoncus dui vel sem sed sagittis nam congue', 7780258, 2, NULL),
(70, '02/12/2014', 'suspendisse potenti in eleifend quam a odio in hac habitasse platea dictumst maecenas ut massa quis augue luctus tincidunt nulla mollis molestie lorem', 3692457, 27, NULL),
(71, '28/02/2013', 'nibh fusce lacus purus aliquet at feugiat non pretium quis lectus', 1702974, 76, NULL),
(72, '17/07/2013', 'leo maecenas pulvinar lobortis est phasellus sit amet erat nulla tempus vivamus in felis eu sapien cursus vestibulum proin eu', 456462, 18, NULL),
(73, '22/01/2011', 'enim in tempor turpis nec euismod scelerisque quam turpis adipiscing lorem vitae mattis nibh ligula nec sem duis aliquam convallis nunc proin at turpis a pede posuere nonummy integer non velit donec diam neque vestibulum eget', 2834175, 58, NULL),
(74, '05/01/2013', 'risus praesent lectus vestibulum quam sapien varius ut blandit non interdum in ante vestibulum ante ipsum primis in faucibus orci luctus et ultrices', 689844, 59, NULL),
(75, '24/09/2014', 'libero nam dui proin leo odio porttitor id consequat in consequat ut', 7456466, 53, NULL),
(76, '20/11/2014', 'ut blandit non interdum in ante vestibulum ante ipsum primis in faucibus orci luctus et ultrices posuere cubilia curae duis faucibus accumsan odio curabitur convallis duis consequat dui nec', 1230577, 27, NULL),
(77, '09/06/2010', 'pharetra magna vestibulum aliquet ultrices erat tortor sollicitudin mi sit amet lobortis sapien sapien non mi integer ac neque duis bibendum morbi non quam nec dui luctus rutrum nulla tellus in sagittis dui vel nisl duis ac nibh fusce', 743056, 74, NULL),
(78, '11/04/2011', 'interdum mauris non ligula pellentesque ultrices phasellus id sapien in sapien iaculis congue vivamus metus arcu adipiscing molestie hendrerit at vulputate vitae nisl aenean lectus pellentesque eget nunc donec quis orci eget orci vehicula condimentum curabitur in libero', 9823101, 78, NULL),
(79, '02/01/2013', 'neque libero convallis eget eleifend luctus ultricies eu nibh quisque id justo sit amet sapien dignissim vestibulum vestibulum ante ipsum primis in faucibus orci luctus et ultrices posuere cubilia curae nulla dapibus dolor vel est donec odio justo sollicitudin', 590141, 74, NULL),
(80, '04/04/2014', 'orci mauris lacinia sapien quis libero nullam sit amet turpis elementum ligula vehicula consequat morbi a ipsum integer a nibh in quis justo maecenas rhoncus', 8653550, 19, NULL),
(81, '17/06/2012', 'turpis adipiscing lorem vitae mattis nibh ligula nec sem duis aliquam convallis nunc proin at turpis a pede posuere nonummy integer non velit donec diam neque vestibulum eget vulputate ut ultrices vel augue vestibulum ante ipsum', 1811455, 47, NULL),
(82, '23/10/2013', 'ultrices aliquet maecenas leo odio condimentum id luctus nec molestie sed justo pellentesque viverra pede ac diam cras pellentesque volutpat dui maecenas tristique est et tempus semper est quam pharetra magna', 5580438, 53, NULL),
(83, '06/12/2014', 'ut suscipit a feugiat et eros vestibulum ac est lacinia nisi venenatis tristique fusce', 3452570, 43, NULL),
(84, '23/05/2015', 'nulla sed accumsan felis ut at dolor quis odio consequat varius integer ac leo pellentesque ultrices mattis odio donec vitae', 245019, 62, NULL),
(85, '03/02/2013', NULL, 175300, 9, 'http://www.optique-sergent.com/images/ordonnance/ordo2.jpg'),
(86, '28/05/2011', NULL, 9724147, 1, 'http://alger-roi.fr/Alger//ordonnances/images/11_ordonnance_manfredi.jpg'),
(88, '04/05/2011', NULL, 5507346, 11, 'http://www.optique-sergent.com/images/ordonnance/ordo1.jpg'),
(89, '31/01/2010', NULL, 33141, 48, 'http://sk005.com/images/550e302c5e45c.jpg'),
(90, '24/06/2012', NULL, 4544328, 57, 'http://i29.servimg.com/u/f29/15/79/52/59/img13210.jpg'),
(91, '28/06/2014', NULL, 262785, 48, 'http://timbreetdent.free.fr/documents/ordonnance-liban-3.jpg'),
(92, '31/01/2010', NULL, 113484, 26, 'http://www.nourdoc.com/WEFiles/Image/WEImage/Ordo-7294a701.jpg'),
(93, '29/04/2012', NULL, 8978743, 76, 'http://www.infodata.ca/medoffice/news/v141/ordonnances_small.jpg'),
(94, '23/11/2010', NULL, 4722380, 19, 'http://www.apima.org/img_bronner/MSU_CNO_droit%20au%20titre.jpg');

-- --------------------------------------------------------

--
-- Structure de la table `patients`
--

CREATE TABLE IF NOT EXISTS `patients` (
  `Numero_Piece_ID` int(20) unsigned NOT NULL,
  `Prenom_Patients` varchar(50) NOT NULL,
  `Nom_Patients` varchar(50) NOT NULL,
  `Mail_Patient` varchar(50) DEFAULT NULL,
  `Date_Naissance_Patient` varchar(50) NOT NULL,
  `Telephone_Patient` varchar(50) DEFAULT NULL,
  PRIMARY KEY (`Numero_Piece_ID`)
) ENGINE=InnoDB DEFAULT CHARSET=latin1;

--
-- Contenu de la table `patients`
--

INSERT INTO `patients` (`Numero_Piece_ID`, `Prenom_Patients`, `Nom_Patients`, `Mail_Patient`, `Date_Naissance_Patient`, `Telephone_Patient`) VALUES
(2688, 'Adélie', 'Crawford', 'gcrawford2x@newyorker.com', '10/04/1954', '3-(303)055-1532'),
(3287, 'Dorothée', 'Porter', 'jporter95@samsung.com', '15/09/2008', '7-(893)991-5842'),
(4224, 'Lisa', 'Rongens', 'fnguyen21@youtube.com', '26/05/1902', '9-(732)676-0003'),
(5645, 'Méghane', 'Coleman', 'hcoleman7u@unc.edu', '10/06/1912', '4-(173)453-5009'),
(6776, 'Mårten', 'Wheeler', 'rwheelere@sciencedaily.com', '01/02/1902', '1-(212)368-3116'),
(9887, 'Cléa', 'Spencer', 'gspencer18@ebay.com', '05/03/1965', NULL),
(11962, 'Danièle', 'Burke', 'sburke31@telegraph.co.uk', '09/11/1930', '3-(966)604-7954'),
(15515, 'Océanne', 'Matthews', 'amatthewsnj@tripadvisor.com', '21/08/1938', '3-(618)259-8935'),
(19163, 'Mylène', 'Harper', 'lharper91@cam.ac.uk', '01/07/1982', '8-(864)487-8723'),
(23148, 'Michèle', 'Fox', 'nfox3j@sitemeter.com', '17/12/1989', '6-(614)455-2817'),
(33141, 'Bécassine', 'Rogers', 'lrogers9d@apache.org', '03/11/1917', '0-(699)677-1954'),
(36749, 'Kuí', 'Gonzalez', 'hgonzalez8h@scientificamerican.com', '31/12/2006', '9-(720)259-2788'),
(51315, 'Gaétane', 'Reed', 'kreed90@unblog.fr', '21/03/2004', '2-(741)073-9775'),
(73752, 'Märta', 'Lawson', 'klawson1g@slideshare.net', '16/08/1961', '7-(771)441-8689'),
(77001, 'Cloé', 'Garrett', 'mgarrett8u@blog.com', '28/12/2026', '3-(402)936-0248'),
(113484, 'Réjane', 'Woods', 'dwoods8d@jigsy.com', '06/05/1972', '8-(170)652-4102'),
(130136, 'Wá', 'Bailey', 'sbailey9a@arizona.edu', '15/09/1962', '1-(993)563-9828'),
(139397, 'Maï', 'James', 'gjamesnz@mail.ru', '02/04/1974', '0-(227)292-6532'),
(140411, 'Annotés', 'Murray', 'rmurray6w@merriam-webster.com', '01/08/2016', NULL),
(175300, 'Léana', 'Jackson', 'gjackson8k@github.com', '09/05/1933', '1-(132)390-2833'),
(178583, 'Jacques', 'Durand', 'jrussell24@time.com', '31/07/1912', '9-(301)723-6855'),
(180090, 'Tú', 'Lopez', 'jlopez11@zimbio.com', '14/05/2012', '2-(887)008-0888'),
(195956, 'Mélia', 'Howard', 'dhoward8z@hc360.com', '29/07/2000', '2-(816)393-7301'),
(198300, 'Håkan', 'James', 'jjames3p@admin.ch', '16/09/1913', '4-(718)060-5032'),
(207392, 'Annotés', 'Perez', 'cperez3k@bravesites.com', '21/02/1968', '0-(431)817-0329'),
(209111, 'Géraldine', 'Bradley', 'nbradley2j@pinterest.com', '25/01/1919', '0-(298)092-2716'),
(223473, 'Estève', 'Burton', 'wburton8p@cocolog-nifty.com', '25/01/1926', '3-(548)285-8183'),
(245019, 'Intéressant', 'Webb', 'jwebbnf@4shared.com', '19/02/1922', '2-(554)430-9336'),
(262785, 'Néhémie', 'Thomas', 'bthomas6x@edublogs.org', '21/12/2005', '6-(464)000-6511'),
(360339, 'Hélène', 'Oliver', 'joliverdp@usgs.gov', '15/09/1937', NULL),
(363300, 'Pénélope', 'Wood', 'gwood60@webnode.com', '13/04/1994', '4-(087)044-3220'),
(368205, 'Angèle', 'Holmes', 'kholmes52@twitpic.com', '18/06/1972', '4-(983)267-7638'),
(379412, 'Dorothée', 'Cooper', 'jcooper7q@phoca.cz', '09/10/2029', '0-(449)309-4345'),
(386358, 'Maïlys', 'Mcdonald', 'mmcdonald3c@elpais.com', '06/01/1944', '7-(109)298-8812'),
(397037, 'Réjane', 'Spencer', 'espencer88@google.cn', '02/04/2014', '7-(808)284-1009'),
(421092, 'Gösta', 'Jackson', 'sjackson32@europa.eu', '02/09/2016', '5-(290)688-7108'),
(421282, 'Uò', 'Dean', 'rdean1r@cocolog-nifty.com', '08/09/1964', '0-(090)068-2930'),
(446844, 'Torbjörn', 'Weaver', 'rweaver9g@purevolume.com', '13/10/1922', NULL),
(447685, 'Maëlle', 'Rose', 'brose2v@home.pl', '27/12/1916', '2-(026)820-4781'),
(456462, 'Gaétane', 'Hall', 'jhall85@google.it', '19/05/1989', '3-(796)000-7254'),
(497934, 'Méryl', 'Fuller', 'pfuller0@dailymail.co.uk', '12/12/1935', '7-(370)470-8685'),
(518748, 'Nélie', 'Simpson', 'asimpson5@ifeng.com', '06/11/2002', '1-(506)374-5456'),
(523155, 'Méghane', 'Gibson', 'kgibson6i@icio.us', '04/12/1960', '0-(876)946-5356'),
(523168, 'Lóng', 'Ward', 'cward7f@cpanel.net', '02/03/1986', '5-(529)743-4389'),
(549667, 'Mylène', 'Harris', 'wharris66@etsy.com', '28/04/2010', '6-(448)576-1132'),
(554063, 'Marlène', 'Sanchez', 'bsanchez3m@surveymonkey.com', '24/03/2028', '9-(925)626-1928'),
(554447, 'Estève', 'Medina', 'hmedina8n@tinypic.com', '02/11/1991', '1-(697)004-9933'),
(590141, 'Eugénie', 'Little', 'mlittle8o@jiathis.com', '30/11/1901', '5-(312)800-2610'),
(606543, 'Cécilia', 'Gardner', 'dgardner34@qq.com', '16/02/1900', NULL),
(611163, 'Méryl', 'Oliver', 'joliver2e@house.gov', '06/01/1900', '8-(845)921-6546'),
(622522, 'Adélaïde', 'Ford', 'tford7x@feedburner.com', '18/03/1943', '9-(633)312-8145'),
(627344, 'Méline', 'Jordan', 'jjordannk@qq.com', '08/06/1929', '5-(806)757-8804'),
(627550, 'Uò', 'Brooks', 'bbrooksrp@admin.ch', '10/10/1919', '9-(282)984-7131'),
(631534, 'Judicaël', 'Harrison', 'charrisonnq@omniture.com', '24/09/1962', '2-(291)198-7615'),
(667750, 'Publicité', 'Romero', 'promero6n@newyorker.com', '29/01/1959', '3-(533)022-2069'),
(669891, 'Adèle', 'Stone', 'wstone5e@histats.com', '19/08/1967', '2-(827)665-8757'),
(689844, 'Ruì', 'Lynch', 'llynch8q@addtoany.com', '08/05/1988', '0-(797)886-7931'),
(709801, 'Åslög', 'Butler', 'jbutler3u@ezinearticles.com', '20/07/1913', '3-(577)120-0923'),
(711229, 'Léana', 'Carroll', 'ncarroll8g@ebay.co.uk', '20/12/1968', '6-(306)950-9929'),
(712898, 'Naëlle', 'Tucker', 'stucker94@bravesites.com', '22/07/1909', NULL),
(743056, 'Clémence', 'Coleman', 'scoleman26@cisco.com', '23/09/1912', '7-(092)535-8498'),
(780395, 'Judicaël', 'Alexander', 'valexander83@1und1.de', '15/05/2013', NULL),
(787581, 'Anaël', 'Taylor', 'wtayloru@nydailynews.com', '12/06/2019', '8-(764)139-5489'),
(800158, 'Rébecca', 'Stephens', 'lstephens2k@people.com.cn', '30/07/1934', '7-(319)638-2447'),
(807163, 'Eléonore', 'Kim', 'akim8t@google.co.jp', '27/12/2020', '2-(997)022-3468'),
(807240, 'Mà', 'Kelley', 'jkelleymg@shareasale.com', '20/05/1901', '4-(710)937-2563'),
(818773, 'Maïté', 'Moreno', 'dmoreno97@examiner.com', '14/05/1929', '4-(571)546-5994'),
(863935, 'Maïwenn', 'Stewart', 'astewart2w@umich.edu', '17/10/2029', '3-(809)591-5532'),
(896854, 'Bérénice', 'Diaz', 'jdiaze0@ox.ac.uk', '09/11/1915', '0-(048)938-3804'),
(929700, 'Lóng', 'Peters', 'wpeters3q@biglobe.ne.jp', '23/12/1905', '8-(977)591-9254'),
(949564, 'André', 'Gonzalez', 'jgonzalezw@dailymotion.com', '25/09/1994', NULL),
(961852, 'Björn', 'Flores', 'mflores8@xrea.com', '09/12/2008', '4-(031)772-0278'),
(963146, 'Marie-josée', 'Cook', 'mcook9e@netscape.com', '08/12/1945', '6-(910)638-2746'),
(964447, 'Irène', 'Johnston', 'mjohnston5n@163.com', '19/05/1929', NULL),
(995048, 'Åke', 'Carter', 'jcarterv@youtu.be', '25/12/2007', '3-(504)209-5359'),
(1089543, 'Erwéi', 'Davis', 'jdavis46@webnode.com', '30/11/2019', '0-(614)575-5685'),
(1096369, 'Pénélope', 'Johnson', 'mjohnson80@a8.net', '23/10/2000', '8-(577)937-2880'),
(1159974, 'Wá', 'Willis', 'jwillis6u@hp.com', '19/02/1986', '6-(293)730-1869'),
(1163284, 'Méng', 'Chapman', 'achapman5a@sphinn.com', '04/06/1951', '6-(557)896-8238'),
(1230577, 'Kù', 'Montgomery', 'emontgomery4t@ucoz.ru', '19/12/1920', '9-(052)006-2248'),
(1241342, 'Mylène', 'Willis', 'jwillis1c@google.it', '13/08/1912', NULL),
(1314874, 'Nuó', 'Torres', 'mtorres1k@ca.gov', '26/09/1977', '5-(039)465-5723'),
(1315114, 'Bérengère', 'Ellis', 'bellisll@webnode.com', '02/03/2019', '0-(318)417-1139'),
(1322706, 'Bérangère', 'Simpson', 'fsimpsone1@harvard.edu', '02/11/2012', '7-(218)980-0957'),
(1322990, 'Björn', 'Snyder', 'csnyderd@army.mil', '14/10/1938', '6-(304)238-0407'),
(1367196, 'Björn', 'Mitchell', 'tmitchell6t@princeton.edu', '05/10/1958', '2-(779)485-0603'),
(1419615, 'Aloïs', 'Hunt', 'fhuntr@ftc.gov', '15/01/1974', '0-(399)264-0766'),
(1476564, 'Björn', 'Edwards', 'sedwardsdy@prweb.com', '23/03/1943', '7-(503)307-7218'),
(1578463, 'Andréa', 'Walker', 'jwalker7o@ehow.com', '05/12/1964', '2-(080)242-5953'),
(1611650, 'Méline', 'King', 'kking8i@salon.com', '09/06/1934', '8-(913)637-7691'),
(1672274, 'Mylène', 'Nguyen', 'bnguyenny@salon.com', '08/01/1901', '9-(479)310-9139'),
(1702974, 'Bérénice', 'Hart', 'dhart4z@theatlantic.com', '11/09/1989', '4-(593)786-1867'),
(1721611, 'Mélissandre', 'Mitchell', 'smitchell2y@opera.com', '12/12/2013', '8-(134)240-7482'),
(1730725, 'Åke', 'Ruiz', 'jruiz2i@deviantart.com', '01/04/1964', NULL),
(1759302, 'Magdalène', 'Martinez', 'rmartinezds@ovh.net', '15/07/1976', '6-(121)416-6451'),
(1811455, 'Vénus', 'Harper', 'pharper55@odnoklassniki.ru', '20/09/1926', '1-(717)135-7161'),
(1836938, 'Salomé', 'Bradley', 'mbradleyec@behance.net', '18/01/1932', '2-(527)819-4451'),
(1846052, 'Réjane', 'Hernandez', 'mhernandez8l@fema.gov', '02/08/1939', '0-(559)438-9005'),
(1905309, 'Bénédicte', 'Brooks', 'mbrooks8j@merriam-webster.com', '14/07/1939', '4-(193)091-2695'),
(2025856, 'Maïly', 'Day', 'bday4p@nationalgeographic.com', '16/03/1916', NULL),
(2054136, 'Maëlla', 'Stone', 'jstone72@taobao.com', '25/05/1960', NULL),
(2062273, 'Loïc', 'Bradley', 'pbradley5c@washingtonpost.com', '14/11/1913', NULL),
(2108718, 'Aimée', 'Gonzales', 'pgonzalesod@biblegateway.com', '26/06/1955', '6-(227)065-1272'),
(2149614, 'Mélia', 'Cooper', 'kcooper7e@engadget.com', '03/12/2022', '2-(858)920-8427'),
(2167640, 'Aí', 'Hall', 'jhall40@go.com', '19/09/1942', '5-(538)743-3093'),
(2217436, 'Ophélie', 'Thomas', 'athomas78@va.gov', '08/08/1990', NULL),
(2220898, 'Illustrée', 'Gutierrez', 'dgutierrez3b@vk.com', '23/11/1904', NULL),
(2250091, 'Maëlle', 'Warren', 'wwarrenm0@acquirethisname.com', '11/09/1928', '2-(593)896-6641'),
(2274885, 'Mélina', 'Barnes', 'dbarnes4b@xrea.com', '08/09/1938', '0-(620)684-6368'),
(2309209, 'Björn', 'Vasquez', 'hvasquez37@cnbc.com', '18/05/1977', '1-(142)722-5096'),
(2310078, 'Joséphine', 'Stephens', 'lstephensnl@hubpages.com', '16/05/1974', NULL),
(2379449, 'Wá', 'Collins', 'jcollinsp@un.org', '16/06/1905', '7-(730)837-1523'),
(2385777, 'Nélie', 'Jenkins', 'jjenkins3f@tumblr.com', '05/11/1941', '0-(649)056-7921'),
(2407192, 'Pål', 'Young', 'ayoung6b@discuz.net', '01/01/1986', '8-(401)818-4320'),
(2458167, 'Maëlle', 'Cooper', 'vcooper8a@reddit.com', '08/05/2004', '8-(774)820-0578'),
(2479487, 'Daphnée', 'Watson', 'jwatson71@t.co', '01/06/1908', '1-(615)882-0646'),
(2492921, 'Médiamass', 'Hansen', 'rhansen9j@ox.ac.uk', '17/09/1920', NULL),
(2493365, 'Almérinda', 'Wilson', 'pwilson2m@oracle.com', '21/07/2011', '9-(391)979-2630'),
(2503477, 'Adèle', 'Taylor', 'jtaylor1n@prnewswire.com', '12/09/1986', NULL),
(2505001, 'Publicité', 'Moore', 'cmoore8r@domainmarket.com', '03/08/1929', '1-(852)261-5879'),
(2567136, 'Clémentine', 'George', 'lgeorge79@odnoklassniki.ru', '19/11/1990', '3-(025)586-4000'),
(2580574, 'Céline', 'Watkins', 'rwatkins7t@zimbio.com', '09/10/1980', '4-(482)245-7787'),
(2590801, 'Mélys', 'Nguyen', 'rnguyenmd@google.co.jp', '02/08/1902', '8-(759)153-0735'),
(2633162, 'Kuí', 'Graham', 'dgrahamt@spotify.com', '22/02/1914', NULL),
(2659654, 'Bénédicte', 'Fernandez', 'vfernandez6c@plala.or.jp', '21/01/2012', '3-(220)491-6367'),
(2687633, 'Geneviève', 'Collins', 'mcollinsly@skyrock.com', '25/05/1905', '6-(203)724-4803'),
(2698215, 'Maëly', 'Williams', 'swilliams2s@fotki.com', '01/03/1908', '1-(013)752-8193'),
(2705475, 'Célestine', 'Elliott', 'helliottlt@slashdot.org', '26/08/1933', '1-(357)727-0306'),
(2725058, 'Marie-thérèse', 'Reyes', 'creyesn8@deviantart.com', '14/04/2021', '0-(512)084-4117'),
(2749736, 'Pélagie', 'Bennett', 'jbennett8m@goodreads.com', '29/04/1913', NULL),
(2799262, 'Hélène', 'Reyes', 'creyes8e@google.ru', '11/07/1936', '0-(405)789-9308'),
(2834175, 'Réservés', 'Harvey', 'charvey5p@princeton.edu', '30/06/1925', '1-(004)257-4997'),
(2834515, 'Joséphine', 'Green', 'lgreen54@lulu.com', '10/04/1932', '9-(445)130-5739'),
(2838906, 'Irène', 'Anderson', 'jandersonnv@slate.com', '08/12/1920', '5-(199)242-4418'),
(2854968, 'Vérane', 'Phillips', 'kphillips1v@themeforest.net', '22/05/1942', NULL),
(2897008, 'Edmée', 'Shaw', 'rshaw6e@aol.com', '21/12/1915', '7-(955)215-8948'),
(2901366, 'Zhì', 'Lawrence', 'klawrence7c@creativecommons.org', '04/01/1964', '2-(249)423-7175'),
(2940703, 'Marie-hélène', 'Morales', 'cmoralese2@studiopress.com', '06/06/2015', '5-(387)674-6138'),
(2960810, 'Gaétane', 'Ward', 'twardn1@csmonitor.com', '16/06/1975', '1-(801)534-5038'),
(2987228, 'Léandre', 'Perkins', 'mperkins43@chron.com', '12/11/1910', '0-(059)881-1140'),
(3026015, 'Céline', 'Larson', 'wlarsonm6@liveinternet.ru', '29/01/1980', '3-(173)972-8804'),
(3032080, 'Maëlle', 'Henry', 'jhenry92@yellowbook.com', '05/09/1958', '7-(684)821-9250'),
(3042055, 'Fèi', 'Morris', 'bmorrisdr@soundcloud.com', '29/02/2008', NULL),
(3045164, 'Séréna', 'Fernandez', 'pfernandez67@google.pl', '02/10/1939', '7-(127)448-6504'),
(3083250, 'Vénus', 'Payne', 'bpaynens@instagram.com', '10/03/1980', NULL),
(3094663, 'Célia', 'Fox', 'sfox1d@economist.com', '18/03/2026', '1-(844)525-8446'),
(3104756, 'Maïté', 'Stephens', 'rstephens4q@icq.com', '09/03/1916', '4-(620)055-9425'),
(3113955, 'Edmée', 'Bennett', 'pbennett3a@google.it', '22/03/1934', '0-(701)587-2750'),
(3134946, 'Gaëlle', 'Fisher', 'rfisher5b@eventbrite.com', '08/09/1982', '4-(760)784-0635'),
(3138953, 'Maëlla', 'Kelly', 'jkellylr@examiner.com', '30/09/1957', NULL),
(3157892, 'Léane', 'Burke', 'hburke4i@exblog.jp', '04/11/1980', '8-(344)448-9916'),
(3220902, 'Sélène', 'Ruiz', 'jruiznn@drupal.org', '21/03/1983', '8-(188)754-7916'),
(3253496, 'Tú', 'Nguyen', 'rnguyen1l@facebook.com', '23/03/1934', '7-(546)044-6579'),
(3271458, 'Maëlla', 'Reid', 'preidh@t.co', '12/04/1964', '9-(191)366-2428'),
(3302311, 'Daphnée', 'Bennett', 'kbennettdu@ifeng.com', '05/05/2012', '8-(553)053-8257'),
(3307913, 'Hélèna', 'Phillips', 'ephillipsrq@census.gov', '26/01/1914', '3-(324)420-6925'),
(3339340, 'Sélène', 'Thomas', 'wthomasob@washington.edu', '08/09/2026', '2-(607)911-9168'),
(3358863, 'Crééz', 'Sims', 'dsims2l@google.fr', '13/04/1937', '6-(626)495-3712'),
(3366961, 'Loïs', 'Jacobs', 'bjacobs3z@wisc.edu', '29/12/1996', '1-(631)669-9946'),
(3371456, 'Styrbjörn', 'Black', 'jblack82@ning.com', '23/08/1931', '8-(052)821-2716'),
(3371592, 'Joséphine', 'Allen', 'jallenq@parallels.com', '07/03/2018', '1-(474)703-6717'),
(3379735, 'Ruò', 'Marshall', 'tmarshall81@newsvine.com', '13/12/2020', '9-(472)427-5761'),
(3392351, 'Desirée', 'Ferguson', 'hfergusonlo@upenn.edu', '29/03/1954', '5-(953)705-0545'),
(3402259, 'Marie-hélène', 'Snyder', 'msnydery@people.com.cn', '16/02/2017', '0-(313)270-8803'),
(3420051, 'Lóng', 'Flores', 'jfloreso1@sogou.com', '02/05/1905', '6-(079)308-5178'),
(3443094, 'Intéressant', 'Hansen', 'ehansen6a@printfriendly.com', '10/06/1953', '6-(153)224-1413'),
(3443743, 'Judicaël', 'Harris', 'kharrismq@ucla.edu', '18/05/2012', '1-(891)548-1039'),
(3448204, 'Personnalisée', 'Fox', 'efox5i@ebay.com', '31/05/1906', '1-(165)531-8109'),
(3452570, 'Laïla', 'Watson', 'kwatson2t@msu.edu', '09/11/1985', NULL),
(3459985, 'Björn', 'Lawson', 'jlawson4u@home.pl', '18/06/1953', '1-(694)661-3925'),
(3494432, 'Aurélie', 'Reyes', 'rreyesn6@diigo.com', '18/10/2009', '7-(111)821-8419'),
(3503721, 'Yáo', 'Reynolds', 'creynolds5g@bloomberg.com', '07/09/2010', '8-(532)991-5149'),
(3543812, 'Måns', 'Allen', 'dallen63@blogger.com', '07/01/2029', NULL),
(3591534, 'Vérane', 'Daniels', 'mdaniels33@aboutads.info', '25/08/2001', '2-(093)830-6607'),
(3633106, 'Uò', 'Reyes', 'mreyes8x@list-manage.com', '25/11/1985', '1-(547)556-8861'),
(3650820, 'Yú', 'Webb', 'swebb7r@youtube.com', '02/11/1920', '3-(296)291-3098'),
(3653042, 'Josée', 'Johnson', 'ejohnson51@springer.com', '28/11/1936', '9-(468)757-8392'),
(3660676, 'Athéna', 'Wheeler', 'dwheeler5y@merriam-webster.com', '30/11/1937', '3-(486)764-8382'),
(3692457, 'Maëlys', 'Reid', 'greidn3@creativecommons.org', '30/03/2021', '0-(625)624-6375'),
(3702233, 'Judicaël', 'Johnson', 'mjohnson5r@lycos.com', '31/12/2013', '4-(149)772-1475'),
(3726724, 'Léandre', 'Gutierrez', 'lgutierrez98@chicagotribune.com', '26/04/1963', '8-(423)706-5238'),
(3743945, 'Rébecca', 'Willis', 'dwillislk@seattletimes.com', '14/09/1953', '2-(473)383-7037'),
(3818744, 'Eloïse', 'Gutierrez', 'mgutierreze9@walmart.com', '25/09/1943', '5-(045)183-7343'),
(3830508, 'Märta', 'Torres', 'rtorres13@hatena.ne.jp', '17/11/1983', '9-(454)350-0870'),
(3906291, 'Geneviève', 'Hamilton', 'chamiltonl@infoseek.co.jp', '20/02/2005', '3-(913)816-6489'),
(3923649, 'Sòng', 'Walker', 'jwalkers@biglobe.ne.jp', '04/11/1902', '0-(654)419-5526'),
(3927480, 'Judicaël', 'Barnes', 'sbarnese6@mozilla.org', '15/06/1981', '7-(658)537-9097'),
(3955283, 'Björn', 'Lynch', 'jlynchdj@nba.com', '27/08/1939', '4-(561)056-2843'),
(4004312, 'Chloé', 'Warren', 'rwarren8y@booking.com', '25/03/1952', '3-(417)849-9722'),
(4011279, 'Marie-françoise', 'Phillips', 'dphillips25@huffingtonpost.com', '14/03/2016', NULL),
(4022985, 'Athéna', 'Richards', 'brichards38@feedburner.com', '03/03/1923', NULL),
(4039971, 'Måns', 'Martin', 'dmartink@jimdo.com', '13/08/1911', '5-(297)632-2846'),
(4059139, 'Zoé', 'Martinez', 'cmartinez3o@dedecms.com', '14/12/1984', '5-(529)949-0997'),
(4073734, 'Lyséa', 'Hanson', 'shanson5q@booking.com', '16/04/1960', '0-(640)720-2503'),
(4112287, 'Estève', 'Stephens', 'jstephens84@etsy.com', '09/10/1989', '3-(139)293-2736'),
(4122232, 'Maïlis', 'Andrews', 'mandrews2g@soup.io', '27/02/2006', '4-(437)860-7198'),
(4165539, 'Annotée', 'Rodriguez', 'wrodriguez96@cmu.edu', '03/06/1930', '2-(854)583-4036'),
(4181060, 'Léone', 'Flores', 'rflores28@ft.com', '07/11/1967', '5-(928)333-7697'),
(4250648, 'Irène', 'Cook', 'ccooked@omniture.com', '04/07/2011', '1-(146)554-8727'),
(4252009, 'Noémie', 'Lane', 'mlane45@abc.net.au', '18/09/1922', '9-(580)576-5325'),
(4267188, 'Illustrée', 'Snyder', 'jsnyder10@miibeian.gov.cn', '21/10/1937', '4-(040)158-0882'),
(4267611, 'Mélodie', 'Wright', 'mwrightmb@microsoft.com', '30/11/2028', '8-(844)621-0377'),
(4283287, 'Maïté', 'Wilson', 'mwilson8b@amazon.com', '23/11/2017', '6-(621)097-2806'),
(4344667, 'Magdalène', 'Stewart', 'wstewart7h@si.edu', '01/12/1902', NULL),
(4350480, 'Cinéma', 'Wallace', 'bwallacedz@kickstarter.com', '19/08/2006', '4-(018)322-1542'),
(4350934, 'Céline', 'Gray', 'lgray2u@thetimes.co.uk', '13/06/1969', NULL),
(4391625, 'Clélia', 'Perry', 'lperryno@scientificamerican.com', '09/04/1917', '3-(466)820-3676'),
(4411888, 'Lorène', 'Murray', 'tmurraymr@newsvine.com', '21/09/1966', '4-(889)663-9795'),
(4438934, 'Maëlle', 'Bailey', 'pbaileym5@accuweather.com', '01/09/1993', '3-(496)077-0285'),
(4439477, 'Mén', 'Rivera', 'hriveramn@phoca.cz', '06/05/1919', '0-(873)243-1761'),
(4440106, 'Jú', 'Jackson', 'ejackson7v@hhs.gov', '22/12/2017', '6-(111)446-5973'),
(4450856, 'Salomé', 'Ross', 'drossn2@usgs.gov', '10/05/1995', '0-(419)808-9519'),
(4489641, 'Estève', 'Harris', 'bharriseg@php.net', '25/11/1927', '3-(508)774-7101'),
(4520800, 'Aimée', 'Howell', 'khowell6m@blogs.com', '04/07/2019', '0-(708)587-6987'),
(4544328, 'Eléonore', 'Chavez', 'ichavezdi@sogou.com', '17/06/1919', '2-(520)978-6719'),
(4550722, 'Yè', 'Crawford', 'tcrawford7g@g.co', '09/10/2004', '6-(652)707-7425'),
(4564325, 'Göran', 'Carpenter', 'ccarpenterc@odnoklassniki.ru', '04/03/1928', '8-(178)363-2946'),
(4579081, 'Ráo', 'Woods', 'awoods9h@hp.com', '05/11/2014', '0-(179)844-1535'),
(4582634, 'Pò', 'Day', 'cdaynt@kickstarter.com', '11/06/1951', '7-(515)343-7330'),
(4600659, 'Pénélope', 'Reid', 'mreid8c@sciencedirect.com', '10/09/1991', '4-(124)935-4424'),
(4646564, 'Loïca', 'Ward', 'rward5z@mac.com', '18/04/1987', '7-(976)695-3402'),
(4678788, 'Mà', 'Coleman', 'dcoleman2o@craigslist.org', '30/07/1955', '7-(119)145-1051'),
(4721851, 'Bénédicte', 'Weaver', 'dweaver5o@cbc.ca', '26/04/2001', NULL),
(4722380, 'Léonore', 'Mason', 'dmason6p@ucsd.edu', '20/03/2021', '5-(950)282-8557'),
(4810807, 'Lén', 'Gibson', 'sgibsondt@ifeng.com', '19/09/1916', '3-(330)677-4519'),
(4821856, 'Gérald', 'Marshall', 'pmarshall77@freewebs.com', '29/05/1950', '2-(120)363-3727'),
(4875778, 'Judicaël', 'Torres', 'ktorres7s@nytimes.com', '06/09/1925', '7-(708)531-0479'),
(4943443, 'André', 'Nguyen', 'dnguyen56@mediafire.com', '05/08/1985', '7-(313)247-4249'),
(4943765, 'Thérèse', 'Thompson', 'athompson6o@mysql.com', '23/11/1969', '4-(995)138-3113'),
(4965053, 'Léone', 'Schmidt', 'aschmidt6z@unicef.org', '10/12/1943', NULL),
(5021654, 'Irène', 'Ray', 'lray7k@issuu.com', '07/02/2028', '8-(826)473-5359'),
(5046988, 'Rachèle', 'Carroll', 'kcarroll4w@engadget.com', '19/07/1913', '8-(271)876-9918'),
(5054041, 'Daphnée', 'Smith', 'bsmith86@phoca.cz', '13/07/1903', '9-(426)145-4582'),
(5072370, 'Vérane', 'Griffin', 'bgriffin2c@webmd.com', '29/12/1934', '1-(838)630-2194'),
(5119725, 'Publicité', 'Stanley', 'kstanley2b@independent.co.uk', '25/01/1998', '4-(569)246-1458'),
(5134230, 'Yénora', 'Morales', 'mmorales47@nhs.uk', '01/07/1973', '8-(058)748-8976'),
(5152353, 'Maïwenn', 'Stephens', 'mstephens4d@hexun.com', '14/07/1981', '1-(000)818-8501'),
(5192205, 'Anaëlle', 'Johnson', 'pjohnson6v@cbslocal.com', '30/08/1915', '4-(299)117-3638'),
(5193961, 'Måns', 'Harper', 'jharperna@go.com', '19/07/1990', '4-(327)312-1844'),
(5203934, 'Frédérique', 'Coleman', 'mcoleman64@mayoclinic.com', '22/11/1962', '5-(163)701-9917'),
(5222631, 'Maïté', 'Perry', 'aperryn9@mashable.com', '28/03/1994', '6-(570)705-0270'),
(5235501, 'Lorène', 'Peterson', 'rpeterson9c@newyorker.com', '26/01/1965', '9-(650)240-6966'),
(5238080, 'Bécassine', 'Ray', 'rray7z@themeforest.net', '17/03/1954', '2-(370)365-6261'),
(5288898, 'Lén', 'Coleman', 'dcoleman50@theguardian.com', '19/10/1987', '4-(932)146-1294'),
(5302296, 'Angèle', 'Robinson', 'probinsonma@sohu.com', '17/06/1974', '1-(622)259-1558'),
(5316130, 'Liè', 'Rose', 'srosen5@php.net', '04/09/1996', '7-(383)809-5777'),
(5327726, 'Cléa', 'Powell', 'fpowelllh@technorati.com', '24/01/1999', '1-(531)392-2551'),
(5347895, 'Gérald', 'Gilbert', 'mgilberto8@joomla.org', '31/01/1964', '0-(183)859-8759'),
(5351492, 'Aí', 'Hunt', 'chunt6h@kickstarter.com', '30/05/2029', '2-(802)234-4854'),
(5388367, 'Kuí', 'Moreno', 'bmorenog@craigslist.org', '12/05/1981', '0-(204)715-9890'),
(5403929, 'Kallisté', 'Henry', 'shenry6j@linkedin.com', '28/12/1933', '3-(318)821-2001'),
(5405669, 'Marie-françoise', 'Hawkins', 'vhawkins5t@youku.com', '16/07/2010', '8-(788)627-3988'),
(5436385, 'Personnalisée', 'Lewis', 'alewis76@vistaprint.com', '08/06/1936', '3-(128)462-3138'),
(5492544, 'Torbjörn', 'Armstrong', 'barmstrong4g@google.pl', '04/07/1979', '1-(809)430-0097'),
(5507346, 'Örjan', 'Kelley', 'akelley3x@dion.ne.jp', '16/06/1923', NULL),
(5523539, 'Françoise', 'Stone', 'estone6y@360.cn', '05/02/2029', '5-(085)130-9269'),
(5525867, 'Maëlann', 'Foster', 'efoster5w@squidoo.com', '24/06/1912', '8-(524)561-2773'),
(5537530, 'Lóng', 'Andrews', 'tandrews4e@tuttocitta.it', '10/05/1990', '3-(955)880-0233'),
(5580438, 'Mélissandre', 'Wood', 'hwood4a@topsy.com', '01/09/1952', '5-(871)804-0203'),
(5619448, 'Esbjörn', 'Hanson', 'jhanson61@amazon.de', '30/03/1924', '2-(380)915-4745'),
(5639731, 'Clélia', 'Armstrong', 'aarmstrong5f@epa.gov', '14/04/2013', '8-(892)898-0778'),
(5645212, 'Marie-thérèse', 'Pierce', 'lpierce4k@mapy.cz', '04/03/1918', '4-(524)213-2350'),
(5654077, 'Faîtes', 'Nguyen', 'enguyen22@sun.com', '04/08/1988', '4-(687)150-4181'),
(5697179, 'Yè', 'Webb', 'vwebb48@friendfeed.com', '31/03/1926', '6-(518)956-4060'),
(5723992, 'Pål', 'Little', 'dlittle6r@usda.gov', '22/11/2015', '7-(365)043-6707'),
(5760069, 'Kallisté', 'Kelley', 'jkelley30@cornell.edu', '04/08/1981', '5-(899)713-0393'),
(5824193, 'Personnalisée', 'Cruz', 'acruz3v@vimeo.com', '29/03/1982', '5-(832)484-6551'),
(5825251, 'Aimée', 'Olson', 'tolsonmf@barnesandnoble.com', '28/04/1931', '7-(595)608-0392'),
(5838064, 'Irène', 'Diaz', 'ddiaz93@bloglovin.com', '01/02/1970', '5-(345)861-4656'),
(5843940, 'Réjane', 'Shaw', 'jshaw7y@canalblog.com', '16/10/1978', '2-(646)966-3590'),
(5903600, 'Noémie', 'Walker', 'rwalkerrr@nbcnews.com', '09/06/1935', '1-(199)515-9286'),
(5912942, 'Bécassine', 'Matthews', 'wmatthews6g@rambler.ru', '24/06/1980', NULL),
(5946173, 'Renée', 'Gutierrez', 'jgutierrezmi@wsj.com', '02/03/1979', '0-(169)604-1008'),
(5953255, 'Océane', 'Porter', 'sporter4@wordpress.org', '28/03/1958', '9-(573)403-8128'),
(5961023, 'Noëlla', 'Richards', 'jrichardsml@elpais.com', '01/12/2014', NULL),
(5963125, 'Maëlyss', 'Little', 'llittleb@merriam-webster.com', '21/12/2000', '3-(520)842-2259'),
(5976192, 'Gisèle', 'Stewart', 'rstewarto4@live.com', '24/10/2009', '8-(186)435-7713'),
(5989443, 'Méline', 'Owens', 'howens23@opera.com', '25/12/1931', '9-(995)881-0001'),
(5990802, 'Noëlla', 'Gilbert', 'rgilbertln@smh.com.au', '27/09/1905', '8-(863)230-1329'),
(6013157, 'Mà', 'Johnson', 'djohnson4s@goodreads.com', '05/11/1947', '4-(421)786-8521'),
(6084100, 'Clémence', 'Boyd', 'mboyd5h@chronoengine.com', '05/09/1962', '8-(325)290-5470'),
(6121742, 'Eloïse', 'Kelly', 'jkelly1s@reddit.com', '09/08/2008', '3-(380)281-0177'),
(6127858, 'Clémence', 'Castillo', 'bcastillo5l@meetup.com', '04/07/1907', '6-(359)989-4853'),
(6164540, 'Hélèna', 'Wallace', 'lwallace9b@flavors.me', '18/03/1910', NULL),
(6165385, 'Lyséa', 'Fields', 'jfields1z@unblog.fr', '17/06/1938', '0-(388)638-5267'),
(6182504, 'Loïc', 'Fields', 'cfields68@rediff.com', '07/10/1977', '8-(873)378-7256'),
(6190346, 'Yénora', 'Turner', 'dturner5d@buzzfeed.com', '31/10/1913', '8-(995)638-2854'),
(6203484, 'Kù', 'Adams', 'hadams20@techcrunch.com', '28/01/1956', '7-(344)178-7140'),
(6209454, 'Méghane', 'Riley', 'jriley73@bandcamp.com', '09/06/1955', NULL),
(6226254, 'Lèi', 'Gray', 'lgray4o@indiatimes.com', '04/09/1937', '5-(494)452-9769'),
(6227985, 'Torbjörn', 'Robinson', 'jrobinson9f@epa.gov', '18/09/1995', '9-(660)011-1704'),
(6258278, 'Bérengère', 'Cruz', 'scruz7m@redcross.org', '05/05/2024', '9-(629)174-8876'),
(6271710, 'Erwéi', 'Henderson', 'jhenderson4v@nbcnews.com', '22/09/1922', '7-(948)417-7095'),
(6275155, 'Danièle', 'Cruz', 'jcruz7p@w3.org', '27/10/1905', '6-(223)282-1818'),
(6307577, 'Lauréna', 'Schmidt', 'rschmidtmx@feedburner.com', '27/06/1966', '2-(093)683-4353'),
(6321897, 'Lóng', 'Brooks', 'jbrooksmu@delicious.com', '06/07/1984', NULL),
(6370273, 'Cléa', 'George', 'wgeorgeo5@livejournal.com', '05/08/1922', NULL),
(6376765, 'Renée', 'Ortiz', 'mortiz3h@nih.gov', '01/11/1914', '2-(508)520-8848'),
(6394720, 'Illustrée', 'Weaver', 'mweaver29@paypal.com', '30/04/1936', '8-(747)749-6444'),
(6432614, 'Naéva', 'Henderson', 'fhenderson1u@t.co', '13/01/1986', '4-(970)703-7445'),
(6446526, 'Gérald', 'Nichols', 'snichols5v@github.io', '28/03/1990', '4-(109)893-4760'),
(6452692, 'Edmée', 'West', 'jwestm8@symantec.com', '11/06/1965', '5-(734)834-6404'),
(6453527, 'Danièle', 'Rogers', 'arogers6d@dion.ne.jp', '26/04/1935', '5-(922)168-3969'),
(6462963, 'Görel', 'Porter', 'bporterea@phoca.cz', '26/02/1951', '6-(076)089-3095'),
(6478837, 'Chloé', 'Collins', 'fcollinslp@wikimedia.org', '13/09/2029', NULL),
(6483882, 'Cunégonde', 'Mcdonald', 'jmcdonaldle@independent.co.uk', '28/05/1949', '7-(466)059-9027'),
(6497379, 'Dorothée', 'Fernandez', 'hfernandezlz@nbcnews.com', '01/04/2026', '3-(751)363-7911'),
(6515881, 'Jú', 'Williamson', 'mwilliamson8f@harvard.edu', '14/08/1907', '3-(048)766-1078'),
(6620929, 'Lén', 'Owens', 'towens3d@about.com', '15/04/1984', '6-(024)942-8061'),
(6640466, 'Mélanie', 'Stone', 'sstone7j@ca.gov', '16/02/1934', '5-(989)418-9646'),
(6674398, 'Naéva', 'Brooks', 'jbrooks2d@chicagotribune.com', '16/05/1957', '7-(844)726-6448'),
(6710759, 'Marie-hélène', 'Little', 'mlittle3i@rakuten.co.jp', '08/08/1913', '8-(454)152-3509'),
(6748451, 'Josée', 'Ferguson', 'dferguson3w@google.ca', '24/12/1952', '4-(514)544-5100'),
(6795963, 'Ruò', 'Mccoy', 'jmccoy8w@economist.com', '04/09/1940', NULL),
(6801802, 'Thérèse', 'Sullivan', 'lsullivan4c@pcworld.com', '04/10/2027', '4-(716)825-3348'),
(6816544, 'Gwenaëlle', 'Howard', 'choward2z@toplist.cz', '13/01/2009', '8-(497)088-3467'),
(6819754, 'Judicaël', 'Richards', 'drichards58@booking.com', '28/10/1947', NULL),
(6856193, 'Laïla', 'Carter', 'jcarter6k@ibm.com', '02/05/1973', '7-(670)554-1173'),
(6863272, 'Hélène', 'Wright', 'ewrightlx@phoca.cz', '11/10/1952', '4-(767)850-5186'),
(6877029, 'Irène', 'Green', 'mgreen62@linkedin.com', '18/12/1917', '8-(080)435-0979'),
(6910892, 'Vénus', 'Rodriguez', 'crodrigueznc@1688.com', '24/07/1937', '6-(576)813-4858'),
(6931693, 'Yáo', 'Simmons', 'asimmons5m@guardian.co.uk', '07/04/2021', '2-(179)573-1122'),
(6941433, 'Véronique', 'Dunn', 'vdunn36@si.edu', '19/08/1964', '1-(858)941-2778'),
(6972649, 'Judicaël', 'Garza', 'tgarzalu@creativecommons.org', '15/10/2029', '8-(654)412-5629'),
(6988051, 'Gaëlle', 'Hanson', 'thanson59@nhs.uk', '12/02/2024', '0-(791)161-0192'),
(7108302, 'Dafnée', 'Morales', 'bmoraleso@alexa.com', '11/12/1994', '1-(119)343-7937'),
(7133467, 'Maëlla', 'Allen', 'jallen2p@jiathis.com', '03/05/1991', '5-(839)237-3713'),
(7152490, 'Torbjörn', 'Bishop', 'kbishop39@drupal.org', '29/11/1967', '4-(168)552-7816'),
(7154366, 'Angèle', 'Palmer', 'apalmer49@bing.com', '05/09/1932', '8-(353)608-6866'),
(7189982, 'Anaïs', 'Burke', 'rburkelf@issuu.com', '06/01/1964', '3-(721)878-6329'),
(7201885, 'Mén', 'Williamson', 'jwilliamson75@cafepress.com', '29/08/1997', '6-(792)762-2532'),
(7202224, 'Lyséa', 'Carter', 'scarteroc@cdbaby.com', '10/09/1953', '0-(375)379-1994'),
(7214163, 'Yú', 'Griffin', 'kgriffin89@cnn.com', '02/05/1991', '7-(687)258-5934'),
(7216969, 'Méline', 'Freeman', 'ffreeman8s@jigsy.com', '29/09/1994', NULL),
(7230785, 'Kévina', 'Greene', 'egreene2a@imdb.com', '06/05/1972', '1-(012)795-1050'),
(7245002, 'Annotée', 'Sullivan', 'csullivan4x@people.com.cn', '06/07/1951', '3-(340)432-6975'),
(7253431, 'Cinéma', 'Chapman', 'kchapman99@163.com', '24/10/2000', '9-(328)797-9605'),
(7289741, 'Daphnée', 'Richardson', 'crichardson3l@nature.com', '21/05/1961', '4-(596)502-1896'),
(7350576, 'Mà', 'Spencer', 'cspencernp@weibo.com', '02/03/1909', '8-(905)992-4429'),
(7368392, 'Cunégonde', 'Ferguson', 'afergusonoa@mit.edu', '03/04/1971', '4-(587)044-5856'),
(7381970, 'Tán', 'Campbell', 'rcampbell2f@princeton.edu', '14/02/1953', NULL),
(7456466, 'Méthode', 'Welch', 'swelch7l@nature.com', '13/04/1957', '3-(720)381-9996'),
(7470265, 'Dà', 'Bowman', 'lbowman70@naver.com', '25/11/1956', '2-(960)344-4272'),
(7482032, 'Gwenaëlle', 'Hernandez', 'whernandez6l@google.fr', '10/05/1909', '9-(361)833-4261'),
(7546313, 'Cléa', 'Owens', 'aowensi@nature.com', '06/06/1917', '7-(926)911-9505'),
(7576394, 'Mélia', 'Long', 'rlongls@storify.com', '11/03/1921', NULL),
(7608300, 'Yóu', 'Barnes', 'cbarnes4y@wikipedia.org', '22/05/1994', NULL),
(7623535, 'Åke', 'Ortiz', 'rortizf@china.com.cn', '03/10/2016', '2-(602)603-8473'),
(7626262, 'Uò', 'Griffin', 'lgriffin2q@economist.com', '26/07/1960', '6-(276)727-7281'),
(7630980, 'Thérèsa', 'Jackson', 'ajackson41@about.me', '14/07/1980', '2-(637)733-7441'),
(7661576, 'Léone', 'Bradley', 'dbradley12@ebay.com', '03/09/1904', NULL),
(7708131, 'Kallisté', 'Garza', 'rgarza1h@reddit.com', '30/07/1906', '5-(964)235-0286'),
(7715177, 'Pénélope', 'Black', 'lblack14@sitemeter.com', '02/12/1986', '9-(768)421-3651'),
(7769075, 'Marie-hélène', 'Morales', 'lmorales7a@cocolog-nifty.com', '01/02/2018', '1-(770)210-5517'),
(7780258, 'Örjan', 'Gibson', 'egibson1w@amazon.co.uk', '28/10/1986', '2-(887)407-6247'),
(7787589, 'Léone', 'Harris', 'aharrisj@independent.co.uk', '24/05/1938', '5-(028)285-2367'),
(7859661, 'Stévina', 'Howell', 'bhowell6f@stumbleupon.com', '10/01/1972', '7-(540)874-5140'),
(7898515, 'Mén', 'Young', 'myoung1y@china.com.cn', '07/07/1998', '5-(926)850-5103'),
(7994815, 'Eléa', 'Schmidt', 'jschmidt42@bluehost.com', '22/03/2026', '1-(259)809-5649'),
(8014622, 'Yénora', 'Stone', 'fstone3r@github.com', '23/03/1913', '5-(810)565-4433'),
(8024122, 'Táng', 'Smith', 'asmith6q@harvard.edu', '06/12/2007', '9-(232)726-3178'),
(8035829, 'Yáo', 'Sanchez', 'ksanchez3n@fastcompany.com', '19/11/1998', '1-(923)378-9246'),
(8073078, 'Mélissandre', 'Grant', 'tgrant7i@house.gov', '09/09/1979', '1-(925)876-0857'),
(8147665, 'Régine', 'King', 'ckingmo@com.com', '10/11/1945', NULL),
(8159946, 'Laurélie', 'Nichols', 'jnichols15@scientificamerican.com', '24/06/2027', NULL),
(8246699, 'Océane', 'Mendoza', 'lmendoza3g@altervista.org', '31/12/1912', '4-(773)468-1131'),
(8260971, 'Danièle', 'Washington', 'jwashingtonmj@illinois.edu', '30/03/1968', '7-(531)073-5726'),
(8270224, 'Almérinda', 'Kelley', 'skelleya@epa.gov', '15/10/1900', '0-(544)728-0495'),
(8324404, 'Ruì', 'Ray', 'jraylm@huffingtonpost.com', '26/06/1917', '3-(668)193-7490'),
(8329985, 'Michèle', 'Graham', 'rgraham7n@bing.com', '01/04/1952', '1-(940)785-6787'),
(8336637, 'Réjane', 'Carter', 'pcartern0@godaddy.com', '27/12/1936', '5-(705)840-5239'),
(8342413, 'Thérèsa', 'Oliver', 'joliver1x@ustream.tv', '30/12/1976', '8-(335)041-2980'),
(8384205, 'Gösta', 'Ford', 'sford2n@samsung.com', '08/04/1990', '2-(093)180-8087'),
(8407718, 'Séréna', 'Johnston', 'ljohnston4f@discuz.net', '11/08/2016', '5-(140)571-6370'),
(8420579, 'Adélie', 'Crawford', 'scrawford1t@storify.com', '19/08/1941', NULL),
(8450437, 'Bérangère', 'Harvey', 'pharvey4l@nydailynews.com', '05/02/1966', '3-(645)858-9882'),
(8451938, 'Fèi', 'Garza', 'jgarzaz@gizmodo.com', '22/04/1927', '0-(047)928-2316'),
(8508246, 'Annotée', 'Simpson', 'jsimpsonmv@samsung.com', '16/04/1992', '0-(211)531-0696'),
(8509757, 'Dà', 'Williams', 'lwilliamso6@jalbum.net', '03/08/1987', '0-(681)345-6703'),
(8528264, 'Loïca', 'Gutierrez', 'rgutierrez1f@ning.com', '23/07/1962', '9-(071)041-8865'),
(8531640, 'Rébecca', 'Wallace', 'bwallace6@plala.or.jp', '20/08/2010', '7-(276)624-3954'),
(8533228, 'Cloé', 'Garcia', 'kgarcia4n@squidoo.com', '26/12/1940', '0-(901)835-5171'),
(8555341, 'Lucrèce', 'Adams', 'padams87@bbc.co.uk', '01/12/1950', '2-(138)220-3928'),
(8594439, 'Laurène', 'Dixon', 'tdixonnh@flavors.me', '06/09/1987', '9-(871)068-7189'),
(8633376, 'Vénus', 'Fox', 'sfoxe7@yolasite.com', '08/03/1954', '3-(552)378-2168'),
(8653550, 'Alizée', 'Fowler', 'dfowler4j@pcworld.com', '09/07/1943', '3-(816)508-4896'),
(8698592, 'Tán', 'Fernandez', 'cfernandezm7@alibaba.com', '19/03/1940', NULL),
(8727746, 'Chloé', 'Adams', 'eadams6s@examiner.com', '13/07/1934', '1-(284)676-7120'),
(8799589, 'Béatrice', 'Olson', 'polson1b@purevolume.com', '03/09/1913', '2-(305)731-6166'),
(8848606, 'Rébecca', 'Webb', 'kwebbmk@livejournal.com', '19/07/1905', '2-(486)839-2847'),
(8881763, 'Sélène', 'Hernandez', 'thernandezm2@etsy.com', '13/05/1999', '6-(618)700-1300'),
(8885586, 'Björn', 'Gibson', 'agibsone5@hatena.ne.jp', '26/01/1947', '8-(232)409-7999'),
(8890332, 'Faîtes', 'Sullivan', 'bsullivan7w@cam.ac.uk', '07/11/1952', '3-(601)508-8168'),
(8912681, 'Dafnée', 'Long', 'along44@telegraph.co.uk', '10/09/1913', '2-(988)004-9294'),
(8949380, 'Joséphine', 'Barnes', 'ebarnesnm@sourceforge.net', '11/06/2020', '4-(690)387-7379'),
(8978743, 'Håkan', 'Mitchell', 'kmitchell74@goo.ne.jp', '13/09/1904', '6-(479)099-7145'),
(9006430, 'Laïla', 'Martin', 'mmartin5x@amazon.co.uk', '19/09/1988', '9-(795)687-8804'),
(9089163, 'Ruì', 'Rice', 'arice7b@webmd.com', '02/05/1917', NULL),
(9089614, 'Göran', 'Palmer', 'kpalmer5s@sfgate.com', '16/01/1967', '1-(772)423-3071'),
(9098231, 'Cécile', 'Oliver', 'moliver1i@salon.com', '11/10/2029', '1-(242)772-5950'),
(9172978, 'Liè', 'Meyer', 'ameyer1p@cargocollective.com', '08/03/2019', NULL),
(9205324, 'Maëlann', 'Gordon', 'cgordon2r@nps.gov', '16/07/1994', NULL),
(9225175, 'Clémentine', 'Gray', 'wgray4m@engadget.com', '04/01/2006', '4-(118)419-2356'),
(9231208, 'Yú', 'Myers', 'wmyers5j@macromedia.com', '18/09/1971', '6-(476)116-1516'),
(9240949, 'Adélie', 'Gardner', 'cgardnerm9@cyberchimps.com', '31/03/2009', '6-(388)583-4044'),
(9269171, 'Angélique', 'Gibson', 'sgibson9@amazon.com', '21/01/1945', '8-(765)063-5979'),
(9271124, 'Adélaïde', 'Bradley', 'rbradley2h@xing.com', '24/01/1992', '9-(698)541-8152'),
(9356750, 'Daphnée', 'Watson', 'pwatson35@sciencedirect.com', '09/09/1931', '2-(541)074-4827'),
(9395194, 'Athéna', 'Long', 'mlong4r@oakley.com', '16/12/1908', '8-(976)582-7800'),
(9399184, 'Nadège', 'Henderson', 'chenderson9i@google.cn', '09/06/1973', '6-(615)469-6739'),
(9404833, 'Edmée', 'Andrews', 'dandrewsne@ovh.net', '10/10/2013', '8-(670)005-7003'),
(9448964, 'Amélie', 'Wallace', 'cwallacem4@wordpress.org', '27/11/1950', '7-(430)571-4525'),
(9486158, 'Maëlys', 'Berry', 'pberrydq@soundcloud.com', '03/04/1978', '6-(714)724-4390'),
(9601430, 'Océanne', 'Arnold', 'tarnolde4@msn.com', '23/11/1984', '6-(544)897-7684'),
(9611047, 'Adélaïde', 'Marshall', 'nmarshallnu@va.gov', '03/08/1960', '8-(703)147-6181'),
(9685285, 'Célia', 'Hanson', 'hhanson65@china.com.cn', '20/11/1997', '2-(160)950-9328'),
(9708601, 'Léana', 'Gordon', 'rgordon4h@linkedin.com', '11/05/1915', '3-(904)219-4381'),
(9724147, 'Danièle', 'Stephens', 'jstephens7d@skyrock.com', '06/03/1902', '5-(152)744-3156'),
(9738901, 'Réjane', 'Richardson', 'crichardson5u@is.gd', '15/06/2003', '2-(613)653-4757'),
(9750898, 'Félicie', 'Collins', 'ecollinsdx@opera.com', '09/09/1908', '3-(817)903-9959'),
(9764366, 'Méng', 'Hunter', 'khunter3s@nps.gov', '30/08/2021', '3-(554)974-0388'),
(9800163, 'Åsa', 'Black', 'mblackef@nyu.edu', '05/05/1977', '4-(585)295-1077'),
(9823101, 'Esbjörn', 'Simpson', 'dsimpson69@e-recht24.de', '27/06/1959', '3-(640)544-7033'),
(9854567, 'Célestine', 'Campbell', 'gcampbell57@joomla.org', '29/01/1949', '2-(532)570-3701'),
(9896943, 'Loïs', 'Wagner', 'jwagner53@com.com', '23/06/2024', '0-(144)328-8973'),
(9897080, 'Cléa', 'Gonzales', 'rgonzales3y@berkeley.edu', '19/03/1975', NULL),
(9913632, 'Mélanie', 'Reynolds', 'preynolds5k@goodreads.com', '28/11/1923', '3-(251)639-3969'),
(9971210, 'Vérane', 'Franklin', 'cfranklin3e@huffingtonpost.com', '27/09/1977', '9-(969)954-2914'),
(9979493, 'Méthode', 'Coleman', 'jcoleman17@cpanel.net', '10/07/1985', '0-(055)630-6449'),
(9984818, 'André', 'Fuller', 'jfullermw@tumblr.com', '08/10/1932', '2-(773)633-2335'),
(9999603, 'Hélèna', 'Cunningham', 'hcunningham3t@sina.com.cn', '02/10/1973', '2-(711)365-3714'),
(31805455, 'Cunégonde', 'Marshall', 'pmarshall1e@loc.gov', '03/06/1968', NULL),
(60365395, 'Maëlann', 'Simpson', 'ssimpson1m@jigsy.com', '03/08/1985', '5-(313)153-4646'),
(67257756, 'Thérèsa', 'Collins', 'rcollinsm@ehow.com', '01/08/1975', NULL),
(75854597, 'Uò', 'Jacobs', 'wjacobs8v@aol.com', '29/07/1962', '5-(912)807-9442'),
(89406971, 'Aurélie', 'Montgomery', 'emontgomery16@lycos.com', '23/05/1967', '9-(304)993-7222');

--
-- Structure de la table `specialites`
--

CREATE TABLE IF NOT EXISTS `specialites` (
  `ID_Specialites` int(20) unsigned NOT NULL AUTO_INCREMENT,
  `Lib_Specialite` varchar(50) NOT NULL,
  PRIMARY KEY (`ID_Specialites`)
) ENGINE=InnoDB  DEFAULT CHARSET=latin1 AUTO_INCREMENT=13 ;

--
-- Contenu de la table `specialites`
--

INSERT INTO `specialites` (`ID_Specialites`, `Lib_Specialite`) VALUES
(1, 'Cardiologue'),
(2, 'Dermatologue'),
(3, 'Endoctrinologue'),
(4, 'Gynécologue'),
(5, 'Généraliste'),
(6, 'Neurologue'),
(7, 'Dentiste'),
(8, 'Pédiatre'),
(9, 'Pneumologue'),
(10, 'Psychiatre'),
(11, 'Rhumatologue'),
(12, 'Orthophoniste');

--
-- Contraintes pour les tables exportées
--

--
-- Contraintes pour la table `antecedants`
--
ALTER TABLE `antecedants`
  ADD CONSTRAINT `Cle_Etrangere_Antecedant_Medecin` FOREIGN KEY (`ID_Medecin`) REFERENCES `medecins` (`ID_Medecin`) ON DELETE CASCADE ON UPDATE CASCADE,
  ADD CONSTRAINT `Cle_Etrangere_Antecedant_Patient` FOREIGN KEY (`ID_Patient`) REFERENCES `patients` (`Numero_Piece_ID`) ON DELETE CASCADE ON UPDATE CASCADE;

--
-- Contraintes pour la table `ordonnances`
--
ALTER TABLE `ordonnances`
  ADD CONSTRAINT `Cle_Etrangere_Medecin` FOREIGN KEY (`ID_Medecin`) REFERENCES `medecins` (`ID_Medecin`) ON DELETE CASCADE ON UPDATE CASCADE,
  ADD CONSTRAINT `Cle_Etrangere_Patient` FOREIGN KEY (`Numero_Piece_ID`) REFERENCES `patients` (`Numero_Piece_ID`) ON DELETE CASCADE ON UPDATE CASCADE;

/*!40101 SET CHARACTER_SET_CLIENT=@OLD_CHARACTER_SET_CLIENT */;
/*!40101 SET CHARACTER_SET_RESULTS=@OLD_CHARACTER_SET_RESULTS */;
/*!40101 SET COLLATION_CONNECTION=@OLD_COLLATION_CONNECTION */;
